Timeout error,https://www.thedailybeast.com/john-oliver-exposes-meghan-mccains-stop-asian-hate-hypocrisy?source=articles&via=rss
Timeout error,https://www.seattletimes.com/nation-world/nation/schumer-vows-vote-on-background-checks-after-latest-shooting/?utm_source=RSS&utm_medium=Referral&utm_campaign=RSS_all
Timeout error,https://www.seattletimes.com/nation-world/nation/colorado-mass-shootings-have-long-painful-history/?utm_source=RSS&utm_medium=Referral&utm_campaign=RSS_all
Timeout error,https://www.seattletimes.com/seattle-news/health/explainer-how-states-are-seeking-to-loosen-controls-on-guns/?utm_source=RSS&utm_medium=Referral&utm_campaign=RSS_all
Timeout error,https://www.seattletimes.com/nation-world/heres-how-other-countries-have-responded-to-mass-shootings/?utm_source=RSS&utm_medium=Referral&utm_campaign=RSS_all
Timeout error,https://www.seattletimes.com/nation-world/nation-politics/blocked-boulder-assault-weapons-ban-renews-gun-law-questions/?utm_source=RSS&utm_medium=Referral&utm_campaign=RSS_all
Timeout error,https://www.seattletimes.com/nation-world/a-list-of-recent-mass-shootings/?utm_source=RSS&utm_medium=Referral&utm_campaign=RSS_all
Timeout error,https://www.seattletimes.com/nation-world/nation-politics/democrats-vow-vote-on-gun-bills-biden-says-we-have-to-act/?utm_source=RSS&utm_medium=Referral&utm_campaign=RSS_all
Timeout error,https://www.seattletimes.com/seattle-news/health/haunted-by-mass-violence-colorado-confronts-painful-history/?utm_source=RSS&utm_medium=Referral&utm_campaign=RSS_all
Timeout error,https://www.seattletimes.com/seattle-news/politics/americas-other-deadly-contagion-has-come-roaring-back/?utm_source=RSS&utm_medium=Referral&utm_campaign=RSS_all
Timeout error,https://www.seattletimes.com/nation-world/nation/records-suggest-defendant-called-911-during-minnesota-attack/?utm_source=RSS&utm_medium=Referral&utm_campaign=RSS_all
Timeout error,https://www.seattletimes.com/nation-world/nation/shootings-never-stopped-during-the-pandemic-2020-was-the-deadliest-gun-violence-year-in-decades/?utm_source=RSS&utm_medium=Referral&utm_campaign=RSS_all
Timeout error,https://www.seattletimes.com/nation-world/nation/final-report-finds-no-motive-in-virginia-beach-mass-shooting/?utm_source=RSS&utm_medium=Referral&utm_campaign=RSS_all
Timeout error,https://www.seattletimes.com/nation-world/nation-politics/fact-checking-bidens-claim-that-1994-assault-weapons-law-brought-down-mass-shootings/?utm_source=RSS&utm_medium=Referral&utm_campaign=RSS_all
Timeout error,https://www.seattletimes.com/nation-world/nation/online-results-favor-vegas-shooting-memorial-at-concert-site/?utm_source=RSS&utm_medium=Referral&utm_campaign=RSS_all
Timeout error,https://www.seattletimes.com/nation-world/nation/police-armed-man-arrested-inside-atlanta-grocery-store/?utm_source=RSS&utm_medium=Referral&utm_campaign=RSS_all
Timeout error,https://www.seattletimes.com/nation-world/nation/explainer-questions-remain-after-supermarket-mass-shooting/?utm_source=RSS&utm_medium=Referral&utm_campaign=RSS_all
Timeout error,https://www.seattletimes.com/nation-world/nation/police-witness-alerted-atlanta-store-manager-to-armed-man/?utm_source=RSS&utm_medium=Referral&utm_campaign=RSS_all
Timeout error,https://www.seattletimes.com/nation-world/nation/how-fear-and-shootings-drive-business-for-the-gun-industry/?utm_source=RSS&utm_medium=Referral&utm_campaign=RSS_all
Timeout error,https://www.seattletimes.com/nation-world/biden-slams-republicans-on-voting-rights-limits-defends-record-on-border/?utm_source=RSS&utm_medium=Referral&utm_campaign=RSS_all
Timeout error,https://www.seattletimes.com/nation-world/nation/2000-honor-boulder-shooting-victims-suspect-hears-charges/?utm_source=RSS&utm_medium=Referral&utm_campaign=RSS_all
Timeout error,https://www.seattletimes.com/opinion/letters-to-the-editor/mass-shootings-restrict-firearm-access/?utm_source=RSS&utm_medium=Referral&utm_campaign=RSS_all
Timeout error,https://www.seattletimes.com/opinion/editorials/legislature-enact-sensible-gun-control-now/?utm_source=RSS&utm_medium=Referral&utm_campaign=RSS_all
Timeout error,https://www.seattletimes.com/nation-world/nation/city-holds-distanced-ceremonies-for-mass-shooting-victims/?utm_source=RSS&utm_medium=Referral&utm_campaign=RSS_all
Timeout error,https://www.seattletimes.com/nation-world/nation/suspect-sought-in-attack-on-asian-american-woman-in-nyc/?utm_source=RSS&utm_medium=Referral&utm_campaign=RSS_all
Timeout error,https://www.seattletimes.com/nation-world/nation/police-california-office-attack-that-killed-4-wasnt-random/?utm_source=RSS&utm_medium=Referral&utm_campaign=RSS_all
Timeout error,https://www.seattletimes.com/nation-world/nation/suspects-wife-says-she-cant-understand-california-attack/?utm_source=RSS&utm_medium=Referral&utm_campaign=RSS_all
Timeout error,https://www.seattletimes.com/opinion/3-ways-to-save-democracy/?utm_source=RSS&utm_medium=Referral&utm_campaign=RSS_all
Timeout error,https://www.seattletimes.com/nation-world/thank-god-im-safe-nra-leader-sought-refuge-from-public-outrage-aboard-yacht-after-mass-school-shootings/?utm_source=RSS&utm_medium=Referral&utm_campaign=RSS_all
Timeout error,https://www.seattletimes.com/business/nra-exec-sheltered-on-friends-yacht-after-mass-shootings/?utm_source=RSS&utm_medium=Referral&utm_campaign=RSS_all
Timeout error,https://www.seattletimes.com/nation-world/nation/biden-faces-long-odds-in-push-for-more-state-red-flag-laws/?utm_source=RSS&utm_medium=Referral&utm_campaign=RSS_all
Timeout error,https://www.seattletimes.com/nation-world/nation/lawyer-man-accused-in-texas-mass-shooting-was-harassed/?utm_source=RSS&utm_medium=Referral&utm_campaign=RSS_all
Timeout error,https://www.seattletimes.com/nation-world/nation/officer-whose-pat-down-missed-gun-cautioned-against-rushing/?utm_source=RSS&utm_medium=Referral&utm_campaign=RSS_all
Timeout error,https://www.seattletimes.com/nation-world/nation/texas-house-oks-dropping-permit-to-carry-handgun-in-public/?utm_source=RSS&utm_medium=Referral&utm_campaign=RSS_all
Timeout error,https://www.seattletimes.com/nation-world/nation/us-has-been-wracked-with-several-mass-shootings-in-2021/?utm_source=RSS&utm_medium=Referral&utm_campaign=RSS_all
Timeout error,https://www.seattletimes.com/nation-world/nation/colorado-marks-latest-mass-tragedy-after-10-killed/
