Timeout error,https://www.seattletimes.com/nation-world/nation/officer-whose-pat-down-missed-gun-cautioned-against-rushing/?utm_source=RSS&utm_medium=Referral&utm_campaign=RSS_all
Timeout error,https://www.seattletimes.com/nation-world/nation/texas-house-oks-dropping-permit-to-carry-handgun-in-public/?utm_source=RSS&utm_medium=Referral&utm_campaign=RSS_all
Timeout error,https://www.seattletimes.com/nation-world/nation/us-has-been-wracked-with-several-mass-shootings-in-2021/?utm_source=RSS&utm_medium=Referral&utm_campaign=RSS_all
Timeout error,https://www.dailysignal.com/2021/04/16/my-friend-denny-stong-might-be-alive-today-if-hed-been-granted-a-concealed-carry-permit/?utm_source=rss&utm_medium=rss&utm_campaign=my-friend-denny-stong-might-be-alive-today-if-hed-been-granted-a-concealed-carry-permit
Timeout error,https://www.seattletimes.com/nation-world/nation/bidens-appeals-for-action-on-guns-policing-face-reality/?utm_source=RSS&utm_medium=Referral&utm_campaign=RSS_all
Timeout error,https://www.seattletimes.com/nation-world/indianapolis-shooter-was-former-fedex-employee-had-had-gun-seized-by-police-authorities-say/?utm_source=RSS&utm_medium=Referral&utm_campaign=RSS_all
Timeout error,https://www.seattletimes.com/nation-world/nation/four-sikhs-among-victims-of-indianapolis-mass-shooting/?utm_source=RSS&utm_medium=Referral&utm_campaign=RSS_all
Timeout error,https://www.seattletimes.com/sports/whites-fast-start-helps-lead-san-antonio-past-pacers-109-94/?utm_source=RSS&utm_medium=Referral&utm_campaign=RSS_all
Timeout error,https://www.seattletimes.com/nation-world/nation/sikh-group-wants-probe-of-gunmans-possible-supremacist-link/?utm_source=RSS&utm_medium=Referral&utm_campaign=RSS_all
Timeout error,https://www.seattletimes.com/nation-world/nation/us-sikh-community-traumatized-by-yet-another-mass-shooting/?utm_source=RSS&utm_medium=Referral&utm_campaign=RSS_all
Timeout error,https://www.seattletimes.com/nation-world/nation/blue-states-chart-diverging-paths-on-death-penalty-debate/?utm_source=RSS&utm_medium=Referral&utm_campaign=RSS_all
Timeout error,https://www.seattletimes.com/nation-world/nation-politics/ted-cruz-maintains-ties-to-right-wing-group-despite-its-extremist-messaging/?utm_source=RSS&utm_medium=Referral&utm_campaign=RSS_all
Timeout error,https://www.seattletimes.com/nation-world/nation/embattled-florida-school-superintendent-decides-to-resign/?utm_source=RSS&utm_medium=Referral&utm_campaign=RSS_all
Timeout error,https://www.seattletimes.com/nation-world/nation/fedex-shooting-victims-to-be-honored-at-lucas-oil-stadium/?utm_source=RSS&utm_medium=Referral&utm_campaign=RSS_all
Timeout error,https://www.seattletimes.com/seattle-news/northwest/after-emotional-statements-oregon-house-passes-gun-bill/?utm_source=RSS&utm_medium=Referral&utm_campaign=RSS_all
Timeout error,https://www.seattletimes.com/nation-world/nation/fedex-shooting-victims-to-be-remembered-at-big-ceremony/?utm_source=RSS&utm_medium=Referral&utm_campaign=RSS_all
Timeout error,https://www.seattletimes.com/nation-world/nation/sheriff-boone-shooter-attacked-father-days-earlier/?utm_source=RSS&utm_medium=Referral&utm_campaign=RSS_all
Timeout error,https://www.seattletimes.com/seattle-news/health/football-city-usa-killings-raise-sport-safety-concerns/?utm_source=RSS&utm_medium=Referral&utm_campaign=RSS_all
Timeout error,https://www.seattletimes.com/business/as-pandemic-ebbs-an-old-fear-is-new-again-mass-shootings/?utm_source=RSS&utm_medium=Referral&utm_campaign=RSS_all
Timeout error,https://www.seattletimes.com/nation-world/nation/national-day-of-prayer-inspires-pleas-for-unity-and-justice/?utm_source=RSS&utm_medium=Referral&utm_campaign=RSS_all
Timeout error,https://www.seattletimes.com/nation-world/nation/at-funeral-fallen-watauga-deputies-remembered-as-heroes/?utm_source=RSS&utm_medium=Referral&utm_campaign=RSS_all
Timeout error,https://www.seattletimes.com/nation-world/nation/report-details-police-wounding-of-suspect-in-mass-shooting/?utm_source=RSS&utm_medium=Referral&utm_campaign=RSS_all
Timeout error,https://www.seattletimes.com/nation-world/nation/police-seek-motive-in-shooting-at-colorado-birthday-party/?utm_source=RSS&utm_medium=Referral&utm_campaign=RSS_all
Connection error,https://www.dailynews.com/2021/05/10/colorado-police-hunt-for-motive-in-deadly-party-shooting/
Timeout error,https://www.seattletimes.com/nation-world/nation/neighbors-mourn-victims-of-colorado-shooting-that-killed-7/?utm_source=RSS&utm_medium=Referral&utm_campaign=RSS_all
Timeout error,https://www.seattletimes.com/nation-world/nation/judge-deputies-fired-over-school-massacre-to-get-jobs-back/?utm_source=RSS&utm_medium=Referral&utm_campaign=RSS_all
Timeout error,https://www.seattletimes.com/nation-world/nation-politics/greene-searched-capitol-office-building-for-rep-ocasio-cortez-2019-video-shows/?utm_source=RSS&utm_medium=Referral&utm_campaign=RSS_all
