Timeout error,http://www.usnews.com/news/articles/2015/10/01/mass-shooting-at-oregon-community-college
Connection error,http://feeds.gawker.com/~r/jezebel/full/~3/G04G2DOeZ3U/at-least-20-people-injured-during-mass-shooting-at-oreg-1734056915
Timeout error,http://www.miamiherald.com/news/nation-world/article37213392.html#storylink=rss
Connection error,http://feeds.huffingtonpost.com/c/35496/f/677538/s/4a552abd/sc/7/l/0L0Shuffingtonpost0N0C20A150C10A0C0A10Coregon0Eshooting0Econgress0Etwitter0In0I82295540Bhtml0Dutm0Ihp0Iref0Fpolitics0Gir0FPolitics/story01.htm
Timeout error,http://www.miamiherald.com/news/nation-world/national/article37257339.html#storylink=rss
Timeout error,http://www.kansascity.com/news/state/missouri/article37271847.html#storylink=rss
Connection error,http://feeds.reuters.com/~r/reuters/USVideoTopNews/~3/Z4osxEIDXJY/story01.htm
Connection error,http://feeds.reuters.com/~r/reuters/USVideoTopNews/~3/103_CfY4L3w/story01.htm
Connection error,http://feeds.gawker.com/~r/gawker/full/~3/Hj42cWVA0CQ/feds-investigating-4chan-thread-after-mass-shooting-at-1734149910
Connection error,http://feeds.reuters.com/~r/reuters/MostRead/~3/faxkci_WTk8/story01.htm
Connection error,http://www.cbsnews.com/videos/stories-of-heroism-emerge-amidst-oregon-college-shooting-tragedy/
Connection error,http://feeds.cbsnews.com/~r/CBSNewsMain/~3/FkhY3I-AzFY/
Timeout error,http://www.usnews.com/news/us/articles/2015/10/02/the-latest-sheriff-number-of-firearms-at-shooters-home
Timeout error,http://www.kansascity.com/news/nation-world/article37318461.html#storylink=rss
Timeout error,http://www.sacbee.com/news/nation-world/national/article37302132.html#storylink=rss
Connection error,http://www.cbsnews.com/videos/how-obamas-response-to-mass-shootings-has-evolved/
Timeout error,http://www.kansascity.com/news/nation-world/article37316589.html#storylink=rss
Timeout error,http://www.sacbee.com/news/nation-world/national/article37316589.html#storylink=rss
Timeout error,http://www.sacbee.com/news/nation-world/national/article37354875.html#storylink=rss
Timeout error,http://www.kansascity.com/entertainment/article37316589.html#storylink=rss
Connection error,http://feeds.reuters.com/~r/reuters/USVideoLatest/~3/qcyDGxH-SEo/thirteen-weapons-recovered-after-oregon
Timeout error,http://www.usnews.com/news/us/articles/2015/10/02/proposal-would-erase-confederate-sign-from-mississippi-flag
Timeout error,http://www.usnews.com/news/politics/articles/2015/10/02/bush-new-guns-laws-arent-right-reaction-to-mass-shootings
Connection error,http://feeds.gawker.com/~r/gizmodo/full/~3/lFb-ieHzQD8/gun-violence-now-kills-as-many-americans-as-cars-so-wh-1734324078
Timeout error,http://www.usnews.com/news/politics/articles/2015/10/02/clinton-pledges-to-fight-nra-on-gun-rights-after-shooting
Timeout error,http://www.miamiherald.com/opinion/letters-to-the-editor/article37385874.html#storylink=rss
Timeout error,http://www.kansascity.com/news/nation-world/national/article37398543.html#storylink=rss
Timeout error,http://www.miamiherald.com/news/nation-world/national/article37397325.html#storylink=rss
Timeout error,http://www.miamiherald.com/news/nation-world/national/article37398543.html#storylink=rss
Timeout error,http://www.kansascity.com/opinion/editorials/article37405833.html#storylink=rss
Connection error,http://feeds.reuters.com/~r/Reuters/domesticNews/~3/PrLpUbxt-Yc/story01.htm
Timeout error,http://www.miamiherald.com/entertainment/celebrities/article37316589.html#storylink=rss
Timeout error,http://www.kansascity.com/news/nation-world/national/article37420212.html#storylink=rss
Connection error,http://feeds.reuters.com/~r/reuters/MostRead/~3/erooNXuz4Ag/story01.htm
Connection error,http://feeds.gawker.com/~r/gawker/full/~3/xzaiziBm31E/how-4chan-trolled-two-of-its-friends-by-framing-them-fo-1734265649
Connection error,http://feeds.reuters.com/~r/Reuters/domesticNews/~3/lkAcPd1gxXc/story01.htm
Connection error,http://feeds.huffingtonpost.com/c/35496/f/677538/s/4a616ceb/sc/7/l/0L0Shuffingtonpost0N0C20A150C10A0C0A30Coregon0Eshooter0Edied0Eof0Esuicide0In0I82384320Bhtml0Dutm0Ihp0Iref0Fpolitics0Gir0FPolitics/story01.htm
Connection error,http://feeds.huffingtonpost.com/c/35496/f/677081/s/4a61ca66/sc/7/l/0L0Shuffingtonpost0N0Cbob0Ecesca0Cthe0Ebob0Echez0Eshow0Epodcast0I190Ib0I8238480A0Bhtml0Dutm0Ihp0Iref0Fmedia0Gir0FMedia/story01.htm
Connection error,http://feeds.reuters.com/~r/reuters/MostRead/~3/3jIjngh6Amo/story01.htm
Connection error,http://www.cbsnews.com/videos/survivors-try-to-make-sense-of-the-oregon-college-shooting/
Timeout error,http://www.miamiherald.com/living/liv-columns-blogs/ana-veciana-suarez/article37421358.html#storylink=rss
Timeout error,http://www.usnews.com/news/articles/2015/10/05/police-arrest-4-teens-in-mass-shooting-conspiracy
Connection error,http://feeds.gawker.com/~r/gawker/full/~3/usVAdk4-KEo/four-teenage-students-arrested-in-highly-detailed-plo-1734660159
Connection error,http://feeds.reuters.com/~r/Reuters/domesticNews/~3/hSZWR5IWcdU/story01.htm
Connection error,http://feeds.reuters.com/~r/Reuters/domesticNews/~3/SVpXqvRfe5c/story01.htm
Timeout error,http://www.miamiherald.com/news/nation-world/article37806954.html#storylink=rss
Timeout error,http://www.usnews.com/news/entertainment/articles/2015/10/05/emotional-alek-skarlatos-returns-to-dancing-with-the-stars
Timeout error,http://www.sacbee.com/latest-news/article37909626.html#storylink=rss
Timeout error,http://www.usnews.com/news/politics/articles/2015/10/06/approaching-debate-clinton-and-sanders-showing-differences
Connection error,http://feeds.gawker.com/~r/deadspin/full/~3/BvjbLvmfL5I/the-gun-control-movement-needs-its-own-pro-life-fanatic-1734711064
Timeout error,http://www.miamiherald.com/news/local/news-columns-blogs/fabiola-santiago/article37993017.html#storylink=rss
Timeout error,http://www.miamiherald.com/opinion/op-ed/article38013090.html#storylink=rss
Timeout error,http://www.kansascity.com/news/government-politics/article37996671.html#storylink=rss
Timeout error,http://www.kansascity.com/news/nation-world/article37953450.html#storylink=rss
Timeout error,http://www.miamiherald.com/news/politics-government/article37996671.html#storylink=rss
Too Many Redirects,http://rssfeeds.cincinnati.com/~/115831413/0/cincinnati-home~Ky-gubernatorial-candidates-bicker-during-debate/
Timeout error,http://www.sacbee.com/opinion/letters-to-the-editor/article37989249.html#storylink=rss
Connection error,http://feeds.foxnews.com/~r/blogs/Gretawire/~3/E1UD8YxyH6o/
Timeout error,http://www.sacbee.com/news/nation-world/national/article38059890.html#storylink=rss
Timeout error,http://www.sacbee.com/news/nation-world/national/article38136873.html#storylink=rss
Timeout error,http://www.miamiherald.com/news/nation-world/national/article38136873.html#storylink=rss
Timeout error,http://www.kansascity.com/news/nation-world/article38146155.html#storylink=rss
Timeout error,http://www.usnews.com/news/us/articles/2015/10/08/oregon-gunman-killed-himself-after-police-shot-him
Connection error,http://feeds.reuters.com/~r/Reuters/domesticNews/~3/u_ghdaQwaJU/story01.htm
Connection error,http://feeds.huffingtonpost.com/c/35496/f/677538/s/4a857d95/sc/7/l/0L0Shuffingtonpost0N0C20A150C10A0C0A80Cben0Ecarson0Edebt0Eceiling0In0I82652480Bhtml0Dutm0Ihp0Iref0Fpolitics0Gir0FPolitics/story01.htm
Timeout error,http://www.sacbee.com/news/nation-world/national/article38353905.html#storylink=rss
Timeout error,http://www.kansascity.com/news/nation-world/national/article38353905.html#storylink=rss
Timeout error,http://www.miamiherald.com/news/politics-government/elections-2016/article38400819.html#storylink=rss
Timeout error,http://www.kansascity.com/opinion/letters-to-the-editor/article38406636.html#storylink=rss
Timeout error,http://www.kansascity.com/news/nation-world/national/article38460753.html#storylink=rss
Timeout error,http://www.miamiherald.com/opinion/letters-to-the-editor/article38520309.html#storylink=rss
Connection error,http://feeds.reuters.com/~r/Reuters/domesticNews/~3/CiaF0LQj4Dc/story01.htm
Timeout error,http://www.miamiherald.com/news/local/crime/article38686365.html#storylink=rss
Connection error,http://feeds.huffingtonpost.com/c/35496/f/677505/s/4a91ebdb/sc/7/l/0L0Shuffingtonpost0N0C20A150C10A0C10A0Cactive0Eshooter0Ecolleges0In0I82740A240Bhtml0Dutm0Ihp0Iref0Fcollege0Gir0FCollege/story01.htm
Timeout error,http://www.miamiherald.com/news/article38668557.html#storylink=rss
Timeout error,http://www.sacbee.com/opinion/letters-to-the-editor/article38114406.html#storylink=rss
Timeout error,http://www.kansascity.com/latest-news/article38784555.html#storylink=rss
Timeout error,http://www.miamiherald.com/news/nation-world/national/article38784555.html#storylink=rss
Timeout error,http://www.usnews.com/news/politics/articles/2015/10/12/ben-carsons-gun-comments-highlight-free-wheeling-style
Timeout error,http://www.kansascity.com/opinion/opn-columns-blogs/syndicated-columnists/article38824710.html#storylink=rss
Timeout error,http://www.miamiherald.com/news/local/community/miami-dade/community-voices/article38928768.html#storylink=rss
Connection error,http://feeds.reuters.com/~r/Reuters/domesticNews/~3/rio22Ky9C1g/story01.htm
Timeout error,http://www.kansascity.com/news/nation-world/national/article39620712.html#storylink=rss
Connection error,http://feeds.gawker.com/~r/jezebel/full/~3/q11H22yOljs/survivor-chris-mintz-recounts-oregon-shooting-a-day-th-1737192439
Timeout error,http://www.kansascity.com/living/religion/article39871020.html#storylink=rss
Connection error,http://feeds.reuters.com/~r/Reuters/domesticNews/~3/QtAM9_gPDC0/story01.htm
Timeout error,http://www.kansascity.com/news/nation-world/article41315991.html#storylink=rss
Connection error,http://feeds.huffingtonpost.com/c/35496/f/677538/s/4af583c9/sc/7/l/0L0Shuffingtonpost0N0C20A150C10A0C250Cben0Ecarson0Ecampaign0In0I838510A80Bhtml0Dutm0Ihp0Iref0Fpolitics0Gir0FPolitics/story01.htm
Timeout error,http://www.kansascity.com/news/nation-world/national/article41392761.html#storylink=rss
Timeout error,http://www.usnews.com/news/politics/articles/2015/10/28/ap-gfk-poll-support-for-tighter-gun-laws-ticks-up
Timeout error,http://www.kansascity.com/news/business/article41788077.html#storylink=rss
Timeout error,http://www.usnews.com/opinion/articles/2015/10/30/how-the-nras-narrative-has-hijacked-american-consensus-on-gun-safety
Timeout error,http://www.usnews.com/news/articles/2015/10/07/white-house-claims-medicaid-expansion-would-curb-gun-violence
Connection error,http://feeds.reuters.com/~r/reuters/topNews/~3/vmiP9TFHLUA/story01.htm
Connection error,http://feeds.reuters.com/~r/Reuters/PoliticsNews/~3/-jCQdDzCgAo/story01.htm
Connection error,http://feeds.reuters.com/~r/reuters/USVideoLatest/~3/W-q1j1gy9z4/medical-staff-numb-after-college-shootin
Connection error,http://feeds.reuters.com/~r/reuters/USVideoTopNews/~3/foxuy25S2AA/story01.htm
Connection error,http://feeds.reuters.com/~r/Reuters/domesticNews/~3/SVpXqvRfe5c/story01.htm
Connection error,http://feeds.reuters.com/~r/Reuters/domesticNews/~3/alvOfnYkbek/story01.htm
Connection error,http://feeds.reuters.com/~r/Reuters/domesticNews/~3/alvOfnYkbek/story01.htm
Timeout error,http://www.usnews.com/news/the-report/articles/2015/10/23/hillary-clinton-and-democrats-want-to-take-your-guns
Timeout error,http://www.usnews.com/news/politics/articles/2015/10/07/ben-carsons-advice-on-mass-shooting-under-scrutiny
Connection error,http://feeds.gawker.com/~r/gizmodo/full/~3/xzaiziBm31E/how-4chan-trolled-two-of-its-friends-by-framing-them-fo-1734265649
Connection error,http://feeds.huffingtonpost.com/c/35496/f/677538/s/4a6b3fbb/sc/7/l/0L0Shuffingtonpost0N0C20A150C10A0C0A20Camerican0Egun0Eviolence0In0I82453120Bhtml0Dutm0Ihp0Iref0Fpolitics0Gir0FPolitics/story01.htm
Connection error,http://feeds.reuters.com/~r/reuters/topNews/~3/rrikU2AIaJs/story01.htm
Connection error,http://feeds.huffingtonpost.com/c/35496/f/677538/s/4a55850e/sc/7/l/0L0Shuffingtonpost0N0C20A150C10A0C0A10Cchris0Emurphy0Emass0Eshootings0In0I82297420Bhtml0Dutm0Ihp0Iref0Fpolitics0Gir0FPolitics/story01.htm
Connection error,http://feeds.huffingtonpost.com/c/35496/f/677081/s/4a74ca56/sc/7/l/0L0Shuffingtonpost0N0Cmichael0Eb0Ekeegan0Cpresident0Estuff0Ehappens0Ib0I82528620Bhtml0Dutm0Ihp0Iref0Fmedia0Gir0FMedia/story01.htm
Connection error,http://feeds.huffingtonpost.com/c/35496/f/677538/s/4a72a947/sc/7/l/0L0Shuffingtonpost0N0C20A150C10A0C0A60Cdemi0Elovato0Emental0Eillness0Estigma0Ereform0In0I82510A20A0Bhtml0Dutm0Ihp0Iref0Fpolitics0Gir0FPolitics/story01.htm
Connection error,http://feeds.huffingtonpost.com/c/35496/f/677538/s/4a562433/sc/24/l/0L0Shuffingtonpost0N0C20A150C10A0C0A10Cobama0Eon0Eoregon0Eshooting0Eweve0Ebecome0Enumb0Eto0Ethis0In0I8230A3480Bhtml0Dutm0Ihp0Iref0Fpolitics0Gir0FPolitics/story01.htm
Connection error,http://feeds.huffingtonpost.com/c/35496/f/677538/s/4a6d4729/sc/27/l/0L0Shuffingtonpost0N0C20A150C10A0C0A50Charry0Ereid0Enra0In0I82478760Bhtml0Dutm0Ihp0Iref0Fpolitics0Gir0FPolitics/story01.htm
Connection error,http://feeds.reuters.com/~r/Reuters/domesticNews/~3/hSZWR5IWcdU/story01.htm
Connection error,http://feeds.huffingtonpost.com/c/35496/f/677081/s/4a7d9298/sc/7/l/0L0Shuffingtonpost0N0C20A150C10A0C0A70Cpeople0Emagazine0Econgress0Ephone0Enumbers0Egun0Eviolence0In0I8259960A0Bhtml0Dutm0Ihp0Iref0Fmedia0Gir0FMedia/story01.htm
Timeout error,http://www.usnews.com/news/politics/articles/2015/10/02/q-a-gun-control-prospects-in-gop-run-congress-remain-remote
Timeout error,https://www.seattletimes.com/sports/wsu-cougar-football/wsu-cougars-links-mike-leachs-opinion-on-the-gun-violence-debate/
Timeout error,https://www.seattletimes.com/nation-world/roseburg-attack-latest-in-growing-list-of-horrific-killings/
Timeout error,http://www.seattletimes.com/seattle-news/americans-should-look-in-mirror-to-stop-gun-violence/
Too Many Redirects,http://theweek.com/articles/581371/men-mass-murder-what-gender-tells-about-americas-epidemic-gun-violence%3Cbr
Connection error,http://feeds.reuters.com/~r/reuters/topNews/~3/TMzVxOQlyUI/story01.htm
Connection error,http://feeds.huffingtonpost.com/c/35496/f/677564/s/4a5c45c7/sc/7/l/0L0Shuffingtonpost0N0Cxojane0E0Cmy0Ebest0Efriend0Ewas0Eshot0Eand0Emurdered0Eon0Elive0Etelevision0Ib0I82350A0A60Bhtml0Dutm0Ihp0Iref0Fcrime0Gir0FCrime/story01.htm
Timeout error,http://www.sacbee.com/news/politics-government/capitol-alert/article39234468.html#storylink=rss
Connection error,http://feeds.huffingtonpost.com/c/35496/f/677538/s/4afd08bd/sc/7/l/0L0Shuffingtonpost0N0C20A150C10A0C260Camericans0Emass0Eshootings0Emental0Ehealth0In0I8392920A0Bhtml0Dutm0Ihp0Iref0Fpolitics0Gir0FPolitics/story01.htm
Connection error,http://feeds.huffingtonpost.com/c/35496/f/677538/s/4a5f502f/sc/7/l/0L0Shuffingtonpost0N0C20A150C10A0C0A20Cguns0Edont0Ekill0Epeople0In0I82371580Bhtml0Dutm0Ihp0Iref0Fpolitics0Gir0FPolitics/story01.htm
Connection error,http://feeds.huffingtonpost.com/c/35496/f/677065/s/4a9deb9c/sc/38/l/0L0Shuffingtonpost0N0Ccharles0Ekarel0Ebouley0Cirelands0Eouting0Egrows0Eas0E0Ib0I82820A620Bhtml0Dutm0Ihp0Iref0Fgay0Evoices0Gir0FGay0KVoices/story01.htm
Connection error,http://feeds.huffingtonpost.com/c/35496/f/677538/s/4a919410/sc/7/l/0L0Shuffingtonpost0N0C20A150C10A0C10A0Cresponsible0Egun0Eownership0In0I82739880Bhtml0Dutm0Ihp0Iref0Fpolitics0Gir0FPolitics/story01.htm
Connection error,http://feeds.huffingtonpost.com/c/35496/f/677538/s/4a9cbc50/sc/7/l/0L0Shuffingtonpost0N0C20A150C10A0C120Cgun0Econtrol0Etrends0In0I82816540Bhtml0Dutm0Ihp0Iref0Fpolitics0Gir0FPolitics/story01.htm
Connection error,http://feeds.huffingtonpost.com/c/35496/f/677564/s/4a5c76e3/sc/7/l/0L0Shuffingtonpost0N0Ceric0Eschmeltzer0Cthe0Eroutine0Eness0Eof0Ethe0Eg0Ib0I82335380Bhtml0Dutm0Ihp0Iref0Fcrime0Gir0FCrime/story01.htm
Connection error,http://www.cbsnews.com/videos/ben-carson-defends-comments-on-oregon-mass-shooting-gun-control/
Connection error,http://feeds.huffingtonpost.com/c/35496/f/677538/s/4a68e4ff/sc/7/l/0L0Shuffingtonpost0N0C20A150C10A0C0A50Cjohn0Eoliver0Emental0Ehealth0In0I82432640Bhtml0Dutm0Ihp0Iref0Fpolitics0Gir0FPolitics/story01.htm
Connection error,http://feeds.huffingtonpost.com/c/35496/f/677538/s/4a9c88fe/sc/7/l/0L0Shuffingtonpost0N0C20A150C10A0C120Ckamala0Eharris0Egun0Eviolence0In0I82811680Bhtml0Dutm0Ihp0Iref0Fpolitics0Gir0FPolitics/story01.htm
Connection error,http://feeds.huffingtonpost.com/c/35496/f/677538/s/4a6d19cc/sc/7/l/0L0Shuffingtonpost0N0C20A150C10A0C0A20Cthe0Edanger0Eof0Elabeling0Egun0Eviolence0Ea0Emental0Ehealth0Eissue0In0I82473760Bhtml0Dutm0Ihp0Iref0Fpolitics0Gir0FPolitics/story01.htm
Connection error,http://feeds.huffingtonpost.com/c/35496/f/677594/s/4a9db1a1/sc/7/l/0L0Shuffingtonpost0N0Cliza0Elong0Ctime0Eto0Etalk0Eabout0Eguns0Ib0I82716180Bhtml0Dutm0Ihp0Iref0Fparents0Gir0FParents/story01.htm
Timeout error,http://www.seattletimes.com/sports/lebron-james-theres-no-room-for-guns/?utm_source=RSS&utm_medium=Referral&utm_campaign=RSS_all
Timeout error,http://www.seattletimes.com/opinion/editorials/seattle-can-help-lead-on-preventing-gun-violence/?utm_source=RSS&utm_medium=Referral&utm_campaign=RSS_all
Timeout error,http://www.seattletimes.com/opinion/a-time-to-mourn-another-mass-shooting/?utm_source=RSS&utm_medium=Referral&utm_campaign=RSS_all
Timeout error,http://www.seattletimes.com/seattle-news/crime/oregon-college-gunman-killed-himself-after-police-shot-him/?utm_source=RSS&utm_medium=Referral&utm_campaign=RSS_all
Timeout error,http://www.seattletimes.com/seattle-news/crime/violence-is-all-over-in-portland-police-blame-gangs-2/?utm_source=RSS&utm_medium=Referral&utm_campaign=RSS_all
Timeout error,http://www.seattletimes.com/opinion/history-rewritten-and-everybody-has-guns/?utm_source=RSS&utm_medium=Referral&utm_campaign=RSS_all
Timeout error,http://www.seattletimes.com/seattle-news/northwest/obama-to-meet-with-victims-of-oregon-college-shooting/?utm_source=RSS&utm_medium=Referral&utm_campaign=RSS_all
Timeout error,http://www.seattletimes.com/nation-world/senate-democrats-preparing-legislative-package-to-curb-guns/?utm_source=RSS&utm_medium=Referral&utm_campaign=RSS_all
Timeout error,http://www.seattletimes.com/nation-world/guns-took-his-daughter-anger-fuels-his-crusade/?utm_source=RSS&utm_medium=Referral&utm_campaign=RSS_all
Timeout error,http://www.seattletimes.com/nation-world/ben-carsons-gun-comments-highlight-free-wheeling-style/?utm_source=RSS&utm_medium=Referral&utm_campaign=RSS_all
Connection error,http://feeds.gawker.com/~r/jezebel/full/~3/GMVFf9FdjGU/can-anyone-tell-us-if-congressional-candidate-michele-f-1740326186
Timeout error,http://www.miamiherald.com/news/politics-government/article42946098.html#storylink=rss
Timeout error,http://www.usnews.com/news/us/articles/2015/11/05/tribes-get-access-to-us-crime-databases-in-push-to-close-gap
Timeout error,http://www.kansascity.com/news/state/missouri/article44260083.html#storylink=rss
Connection error,http://feeds.huffingtonpost.com/c/35496/f/677047/s/4b8caefb/sc/24/l/0L0Shuffingtonpost0N0C20A150C110C160Clakers0Ekobe0Ebryant0Eparis0Etrain0Eheroes0In0I85775340Bhtml0Dutm0Ihp0Iref0Fblack0Evoices0Gir0FBlack0KVoices/story01.htm
Connection error,http://feeds.huffingtonpost.com/c/35496/f/677612/s/4b95f2ce/sc/32/l/0L0Shuffingtonpost0N0Cantonia0Eopiah0Cpeace0Efor0Eparis0Eand0Ebeyon0Ib0I85842480Bhtml0Dutm0Ihp0Iref0Fworld0Gir0FWorldPost/story01.htm
Timeout error,http://www.kansascity.com/news/nation-world/article45307203.html#storylink=rss
Timeout error,http://www.usnews.com/news/us/articles/2015/11/21/former-rep-giffords-riding-40-mile-bike-tour-in-arizona
Timeout error,http://www.miamiherald.com/news/politics-government/article45811390.html#storylink=rss
Timeout error,http://www.kansascity.com/news/nation-world/article45984275.html#storylink=rss
Timeout error,http://www.miamiherald.com/news/nation-world/national/article46172830.html#storylink=rss
Connection error,http://feeds.reuters.com/~r/reuters/topNews/~3/B3rXMBSt1w8/story01.htm
Timeout error,http://www.sacbee.com/news/nation-world/national/article46899985.html#storylink=rss
Connection error,http://feeds.foxnews.com/~r/blogs/Gretawire/~3/Mgz_AcgjNSg/
Timeout error,http://www.sacbee.com/news/nation-world/national/article46953975.html#storylink=rss
Timeout error,http://www.kansascity.com/latest-news/article46953975.html#storylink=rss
Timeout error,http://www.sacbee.com/news/nation-world/national/article46971110.html#storylink=rss
Timeout error,http://www.kansascity.com/news/nation-world/national/article46971110.html#storylink=rss
Timeout error,http://www.usnews.com/news/sports/articles/2015/11/30/unlv-president-says-keep-rebel-name-no-ties-to-confederacy
Timeout error,http://www.kansascity.com/news/nation-world/national/article47216610.html#storylink=rss
Timeout error,http://www.sacbee.com/latest-news/article47216610.html#storylink=rss
Connection error,http://feeds.gawker.com/~r/deadspin/full/~3/ZPrb1u7pEug/off-duty-cops-really-want-to-bring-guns-into-nfl-stadiu-1745403791
Connection error,http://feeds.gawker.com/~r/gawker/full/~3/ZPrb1u7pEug/off-duty-cops-really-want-to-bring-guns-into-nfl-stadiu-1745403791
Connection error,http://feeds.gawker.com/~r/gawker/full/~3/eAzQXLEITLQ/christmas-season-kicked-off-with-historically-busy-blac-1745629645
Timeout error,http://www.kansascity.com/news/government-politics/article46661665.html#storylink=rss
Timeout error,http://www.usnews.com/news/us/articles/2015/11/18/to-us-mass-shooting-victims-paris-attacks-sadly-familiar
Timeout error,http://www.miamiherald.com/news/nation-world/article45307203.html#storylink=rss
Timeout error,http://www.sacbee.com/news/nation-world/article45307203.html#storylink=rss
Timeout error,http://www.miamiherald.com/news/politics-government/article44966409.html#storylink=rss
Timeout error,http://www.usnews.com/news/politics/articles/2015/11/15/ap-fact-check-sanders-on-wage-inequality-clinton-on-donors
Connection error,http://feeds.reuters.com/~r/reuters/topNews/~3/d-dhlplnOCs/story01.htm
Connection error,http://feeds.reuters.com/~r/reuters/topNews/~3/B3rXMBSt1w8/story01.htm
Connection error,http://feeds.huffingtonpost.com/c/35496/f/677564/s/4b44327c/sc/38/l/0L0Shuffingtonpost0N0Cdr0Ejoseph0Ee0Emarshall0Ejr0Cwhy0Edoes0Eeverybody0Ehave0Ea0Ib0I8475160A0Bhtml0Dutm0Ihp0Iref0Fcrime0Gir0FCrime/story01.htm
Connection error,http://nytlive.nytimes.com/womenintheworld/2015/11/25/hillary-clinton-pledges-to-no-longer-use-term-illegal-immigrant/
Connection error,http://feeds.huffingtonpost.com/c/35496/f/677538/s/4b37bc93/sc/7/l/0L0Shuffingtonpost0N0C20A150C110C0A30Coregon0Ecounty0Esecond0Eamendment0Egun0Elaws0In0I8469480A0Bhtml0Dutm0Ihp0Iref0Fpolitics0Gir0FPolitics/story01.htm
Timeout error,http://www.seattletimes.com/seattle-news/politics/snohomish-county-executive/?utm_source=RSS&utm_medium=Referral&utm_campaign=RSS_all
Timeout error,http://www.seattletimes.com/nation-world/no-one-feels-safe-new-orleans-on-edge-after-mass-shooting/?utm_source=RSS&utm_medium=Referral&utm_campaign=RSS_all
Timeout error,http://www.seattletimes.com/nation-world/suspect-dead-after-shooting-kills-3-in-ohio-injures-4th/?utm_source=RSS&utm_medium=Referral&utm_campaign=RSS_all
Timeout error,http://www.seattletimes.com/nation-world/to-us-mass-shooting-victims-paris-attacks-sadly-familiar/?utm_source=RSS&utm_medium=Referral&utm_campaign=RSS_all
Connection error,http://feeds.gawker.com/~r/gawker/full/~3/eAzQXLEITLQ/christmas-season-kicked-off-with-historically-busy-blac-1745629645
Connection error,http://feeds.gawker.com/~r/gawker/full/~3/7_JMuDMk_Wo/as-many-as-20-victims-reported-in-san-bernardino-mass-s-1745757446
Timeout error,http://www.usnews.com/news/entertainment/articles/2015/12/02/sundance-film-festival-reveals-drama-documentary-contenders
Connection error,http://feeds.reuters.com/~r/reuters/USVideoLatest/~3/BmmfN7HQbjE/mass-shooting-in-san-bernardino
Connection error,http://feeds.gawker.com/~r/jezebel/full/~3/lYX4kqZ_byM/there-have-been-more-mass-shootings-in-2015-than-days-i-1745776127
Connection error,http://feeds.gawker.com/~r/gizmodo/full/~3/rpRjplPj1CY/gawker-updating-at-least-12-dead-in-san-bernardino-ma-1745792220
Connection error,http://feeds.gawker.com/~r/gawker/full/~3/GkK-GU2a9dM/all-the-presidential-candidates-responses-to-the-san-be-1745791239
Connection error,http://feeds.reuters.com/~r/reuters/USVideoLatest/~3/zQeJ4FKeBTk/deadly-mass-shooting-in-san-bernardino
Timeout error,http://pics.mcclatchyinteractive.com/news/nation-world/national/article47592115.html#storylink=rss
Timeout error,http://www.miamiherald.com/article47564025.html#storylink=rss
Timeout error,http://www.sacbee.com/opinion/editorial-cartoons/jack-ohman/article47614340.html#storylink=rss
Connection error,http://www.cbsnews.com/videos/at-least-14-dead-in-san-bernardino-mass-shooting/
Timeout error,http://www.usnews.com/news/blogs/run-2016/2015/12/02/ben-carson-loses-top-fundraiser-calls-san-bernardino-shooting-a-hate-crime
Timeout error,http://www.miamiherald.com/latest-news/article47562745.html#storylink=rss
Connection error,http://feeds.gawker.com/~r/gawker/full/~3/bqHiuNjZ6Ho/woman-killed-in-savannah-in-yet-another-mass-shooting-t-1745852693
Timeout error,http://www.kansascity.com/news/nation-world/national/article47670185.html#storylink=rss
Connection error,http://feeds.reuters.com/~r/reuters/USVideoLatest/~3/u2s19D529YI/two-suspects-dead-wearing-assault-style
Connection error,http://www.cbsnews.com/videos/multiple-attackers-in-san-bernardino-shooting/
Timeout error,http://www.usnews.com/news/us/articles/2015/12/03/14-dead-17-wounded-in-california-shooting-2-suspects-dead
Connection error,http://feeds.reuters.com/~r/reuters/USVideoLatest/~3/GyYQ4ECfGbY/police-name-california-shooters
Connection error,http://www.cbsnews.com/videos/crime-expert-on-why-san-bernardino-mass-shooting-is-an-outlier/
Timeout error,http://www.sacbee.com/news/nation-world/article47692830.html#storylink=rss
Timeout error,http://www.sacbee.com/news/nation-world/national/article47715805.html#storylink=rss
Timeout error,http://www.miamiherald.com/news/nation-world/national/article47715805.html#storylink=rss
Timeout error,http://www.sacbee.com/opinion/op-ed/article47725095.html#storylink=rss
Connection error,http://www.cbsnews.com/videos/latest-on-san-bernardino-shooting/
Connection error,http://www.cbsnews.com/videos/legal-analysis-of-the-san-bernardino-shooting/
Connection error,http://www.cbsnews.com/videos/political-responses-to-san-bernardino-shooting-stoke-strong-emotions/
Connection error,http://www.cbsnews.com/videos/what-do-we-know-about-the-san-bernardino-suspects/
Timeout error,http://www.usnews.com/news/articles/2015/12/03/who-were-the-san-bernardino-shooters
Connection error,http://feeds.reuters.com/~r/reuters/USVideoLatest/~3/nEMgBpXZ3lQ/obama-california-shooting-motive-not-cle
Timeout error,http://www.usnews.com/opinion/articles/2015/12/03/mass-shooting-in-san-bernardino-sparks-debate-about-gun-control-and-prayer
Timeout error,http://www.sacbee.com/news/local/article47766560.html#storylink=rss
Timeout error,http://www.sacbee.com/news/nation-world/national/article47774360.html#storylink=rss
Timeout error,http://www.kansascity.com/news/government-politics/article47774360.html#storylink=rss
Connection error,http://feeds.gawker.com/~r/jezebel/full/~3/FxxklXb53g8/san-bernardino-mass-shooting-suspects-killed-in-shooto-1745911542
Timeout error,http://www.usnews.com/news/politics/articles/2015/12/03/motives-behind-mass-violence-can-be-a-complex-mix
Timeout error,http://www.sacbee.com/news/local/article47774900.html#storylink=rss
Timeout error,http://www.usnews.com/news/us/articles/2015/12/03/stories-of-those-who-died-in-the-mass-shooting-in-california
Connection error,http://feeds.reuters.com/~r/Reuters/PoliticsNews/~3/I9UeqRAMjdA/story01.htm
Timeout error,http://www.usnews.com/news/politics/articles/2015/12/03/politics-of-grief-gun-control-prayer-after-latest-shooting
Timeout error,http://www.usnews.com/news/politics/articles/2015/12/03/politics-of-grief-and-gun-control-after-latest-shooting
Connection error,http://feeds.reuters.com/~r/reuters/USVideoLatest/~3/B1NgrzOcaUY/clinton-on-gun-control-i-will-not-be-sil
Connection error,http://feeds.reuters.com/~r/Reuters/domesticNews/~3/4fpZL3cjqgM/story01.htm
Timeout error,http://www.kansascity.com/opinion/opn-columns-blogs/barbara-shelly/article47831070.html#storylink=rss
Timeout error,http://www.miamiherald.com/news/politics-government/elections-2016/article47826975.html#storylink=rss
Timeout error,http://www.miamiherald.com/entertainment/celebrities/article47842170.html#storylink=rss
Timeout error,http://www.miamiherald.com/opinion/op-ed/article47849545.html#storylink=rss
Timeout error,http://www.kansascity.com/news/nation-world/article47683045.html#storylink=rss
Timeout error,http://www.miamiherald.com/news/local/news-columns-blogs/fabiola-santiago/article47849705.html#storylink=rss
Connection error,http://www.cbsnews.com/videos/president-obamas-13-mass-shooting-speeches/
Timeout error,http://www.miamiherald.com/news/article47692230.html#storylink=rss
Connection error,http://feeds.huffingtonpost.com/c/35496/f/677538/s/4bfd115c/sc/7/l/0L0Shuffingtonpost0N0C20A150C120C0A30Crush0Elimbaugh0Emass0Eshooting0In0I871450A40Bhtml0Dutm0Ihp0Iref0Fpolitics0Gir0FPolitics/story01.htm
Connection error,http://feeds.reuters.com/~r/reuters/USVideoLatest/~3/xMlZgkicsz4/one-of-first-officers-on-scene-says-it-w
Timeout error,http://www.sacbee.com/news/state/california/article47832010.html#storylink=rss
Timeout error,http://www.kansascity.com/news/nation-world/article47899725.html#storylink=rss
Connection error,http://feeds.foxnews.com/~r/blogs/Gretawire/~3/1PU7yXIJ2O0/
Connection error,http://feeds.foxnews.com/~r/blogs/Gretawire/~3/SXKIR1zx7nc/
Timeout error,http://www.usnews.com/news/us/articles/2015/12/04/the-latest-relative-shooter-was-bad-person-not-radical
Timeout error,http://www.kansascity.com/news/nation-world/national/article47921485.html#storylink=rss
Connection error,http://feeds.huffingtonpost.com/c/35496/f/677538/s/4c014929/sc/7/l/0L0Shuffingtonpost0N0C20A150C120C0A30Cmass0Eshooting0Etv0Epundit0In0I8719370A0Bhtml0Dutm0Ihp0Iref0Fpolitics0Gir0FPolitics/story01.htm
Connection error,http://feeds.reuters.com/~r/Reuters/domesticNews/~3/23bLD3XLBH0/story01.htm
Connection error,http://www.cbsnews.com/videos/candidates-react-to-san-bernardino-shooting/
Connection error,http://www.cbsnews.com/videos/official-female-calif-shooter-pledged-allegiance-to-isis-leader/
Connection error,http://www.cbsnews.com/videos/search-for-motive-in-calif-mass-shooting/
Connection error,http://feeds.reuters.com/~r/reuters/companyNews/~3/vXN5njoBuqc/story01.htm
Connection error,http://feeds.reuters.com/~r/reuters/MostRead/~3/BMuuvjvxOvQ/story01.htm
Timeout error,http://www.sacbee.com/news/politics-government/capitol-alert/article47992495.html#storylink=rss
Connection error,http://feeds.reuters.com/~r/reuters/companyNews/~3/BbAxKa1mVXA/story01.htm
Connection error,http://feeds.huffingtonpost.com/c/35496/f/677564/s/4c01aaa1/sc/7/l/0L0Shuffingtonpost0N0Cira0Esilver0Cremoving0Ethe0Espectacle0Efr0Ib0I870A810A40Bhtml0Dutm0Ihp0Iref0Fcrime0Gir0FCrime/story01.htm
Timeout error,http://www.sacbee.com/news/state/california/article47929735.html#storylink=rss
Connection error,http://feeds.foxnews.com/~r/blogs/Gretawire/~3/TPJZl1vmCV4/
Connection error,http://feeds.gawker.com/~r/jezebel/full/~3/uaaFzIjAWJE/fbi-san-bernardino-mass-shooting-now-being-investigate-1746247345
Connection error,http://feeds.gawker.com/~r/gawker/full/~3/PqGEhHscCQg/how-the-daily-beast-misidentified-one-of-the-san-bernar-1745970158
Connection error,http://feeds.gawker.com/~r/gawker/full/~3/JgzWhSWNrDM/you-will-not-die-in-a-mass-shooting-1746158444
Timeout error,http://www.usnews.com/news/photos/2015/12/04/photos-vigils-for-mass-shooting-victims-in-2015
Connection error,http://feeds.reuters.com/~r/news/usmarkets/~3/ZE3vZCETwWU/story01.htm
Timeout error,http://www.usnews.com/news/us/articles/2015/12/04/san-bernardino-attack-raises-fears-in-smaller-cities
Timeout error,http://www.usnews.com/news/politics/articles/2015/12/04/ben-carson-says-california-shootings-end-refugee-debate
Timeout error,http://www.sacbee.com/news/local/article48066200.html#storylink=rss
Connection error,http://feeds.huffingtonpost.com/c/35496/f/677538/s/4c032b02/sc/7/l/0L0Shuffingtonpost0N0C20A150C120C0A40Cmsnbc0Eterrorist0Eapartment0In0I8724810A0Bhtml0Dutm0Ihp0Iref0Fpolitics0Gir0FPolitics/story01.htm
Connection error,http://feeds.huffingtonpost.com/c/35496/f/677538/s/4c032b04/sc/7/l/0L0Shuffingtonpost0N0C20A150C120C0A40Ccop0Emass0Eshooting0In0I8724790A0Bhtml0Dutm0Ihp0Iref0Fpolitics0Gir0FPolitics/story01.htm
Timeout error,http://www.miamiherald.com/news/nation-world/article47921205.html#storylink=rss
Timeout error,http://www.miamiherald.com/news/nation-world/article48055230.html#storylink=rss
Timeout error,http://www.sacbee.com/news/local/article48109860.html#storylink=rss
Timeout error,http://www.usnews.com/news/us/articles/2015/12/05/fbi-investigates-southern-california-attack-as-act-of-terror
Connection error,http://feeds.reuters.com/~r/Reuters/domesticNews/~3/HDrqLHt85rc/story01.htm
Timeout error,http://www.sacbee.com/news/article48148795.html#storylink=rss
Timeout error,http://www.usnews.com/news/business/articles/2015/12/05/social-media-the-new-megaphone-for-violent-perpetrators
Timeout error,http://www.usnews.com/news/us/articles/2015/12/05/the-latest-shooters-relative-says-she-grew-more-religious
Timeout error,http://www.usnews.com/news/us/articles/2015/12/05/the-latest-islamic-state-group-praises-california-shootings
Connection error,http://feeds.reuters.com/~r/reuters/topNews/~3/zqx6dZA3pY4/story01.htm
Connection error,http://feeds.reuters.com/~r/reuters/topNews/~3/zqx6dZA3pY4/story01.htm
Connection error,http://feeds.reuters.com/~r/reuters/topNews/~3/mjcJrtOhYOo/story01.htm
Timeout error,http://www.sacbee.com/news/politics-government/capitol-alert/article48166535.html#storylink=rss
Timeout error,http://www.sacbee.com/news/politics-government/capitol-alert/article48166330.html#storylink=rss
Timeout error,http://www.sacbee.com/news/nation-world/national/article48179595.html#storylink=rss
Timeout error,http://www.miamiherald.com/news/nation-world/national/article48179595.html#storylink=rss
Timeout error,http://www.kansascity.com/news/nation-world/national/article48179595.html#storylink=rss
Timeout error,http://www.kansascity.com/news/nation-world/world/article48181325.html#storylink=rss
Timeout error,http://www.miamiherald.com/news/nation-world/world/article48181325.html#storylink=rss
Connection error,http://feeds.reuters.com/~r/Reuters/domesticNews/~3/RyOtFW9odIU/story01.htm
Timeout error,http://www.kansascity.com/news/nation-world/national/article48193320.html#storylink=rss
Connection error,http://feeds.reuters.com/~r/reuters/topNews/~3/fhrf39LSVOU/story01.htm
Connection error,http://feeds.reuters.com/~r/reuters/topNews/~3/fhrf39LSVOU/story01.htm
Connection error,http://feeds.reuters.com/~r/news/usmarkets/~3/BxXyyJM8268/story01.htm
Timeout error,http://www.miamiherald.com/news/nation-world/national/article48225535.html#storylink=rss
Timeout error,http://www.sacbee.com/news/nation-world/national/article48225535.html#storylink=rss
Timeout error,http://www.kansascity.com/news/nation-world/article48140500.html#storylink=rss
Connection error,http://feeds.reuters.com/~r/reuters/topNews/~3/Jbj5KBMMCIQ/story01.htm
Timeout error,http://www.sacbee.com/news/nation-world/national/article48253805.html#storylink=rss
Timeout error,http://www.miamiherald.com/news/nation-world/national/article48261345.html#storylink=rss
Timeout error,http://www.kansascity.com/news/nation-world/national/article48261345.html#storylink=rss
Timeout error,http://www.usnews.com/news/us/articles/2015/12/05/liberty-president-calls-for-an-armed-christian-campus
Timeout error,http://www.sacbee.com/opinion/editorial-cartoons/jack-ohman/article48015470.html#storylink=rss
Timeout error,http://www.usnews.com/news/us/articles/2015/12/06/californias-strict-gun-laws-failed-to-stop-mass-shooting
Connection error,http://feeds.reuters.com/~r/reuters/MostRead/~3/RKXO7iCfTUg/story01.htm
Connection error,http://feeds.reuters.com/~r/reuters/topNews/~3/uakzuZyS-cc/story01.htm
Connection error,http://feeds.reuters.com/~r/reuters/topNews/~3/uakzuZyS-cc/story01.htm
Timeout error,http://www.miamiherald.com/opinion/letters-to-the-editor/article48298230.html#storylink=rss
Timeout error,http://www.sacbee.com/news/nation-world/national/article48343070.html#storylink=rss
Timeout error,http://www.usnews.com/news/entertainment/articles/2015/12/06/u2s-bono-honors-victims-in-paris-san-bernardino
Timeout error,http://www.kansascity.com/news/nation-world/national/article48343070.html#storylink=rss
Timeout error,http://www.miamiherald.com/entertainment/celebrities/article48347085.html#storylink=rss
Timeout error,http://www.sacbee.com/news/nation-world/world/article48354275.html#storylink=rss
Timeout error,http://www.kansascity.com/latest-news/article48354275.html#storylink=rss
Connection error,http://feeds.reuters.com/~r/reuters/topNews/~3/oSyhHVQOIAY/story01.htm
Timeout error,http://www.usnews.com/news/us/articles/2015/12/07/for-3-killed-in-california-attack-us-was-refuge-from-fear
Timeout error,http://www.usnews.com/news/world/articles/2015/12/07/pakistan-intel-officials-say-malik-attended-religious-school
Connection error,http://feeds.reuters.com/~r/reuters/topNews/~3/2MLBIeVeGbM/story01.htm
Connection error,http://hosted.ap.org/dynamic/stories/C/CALIFORNIA_SHOOTINGS_PAKISTAN_CONNECTION?SITE=CAANR&SECTION=HOME&TEMPLATE=DEFAULT
Connection error,http://feeds.reuters.com/~r/Reuters/domesticNews/~3/XsJ0g-RUYMs/story01.htm
Timeout error,http://www.miamiherald.com/news/nation-world/national/article48410635.html#storylink=rss
Timeout error,http://www.sacbee.com/news/politics-government/capitol-alert/article48414070.html#storylink=rss
Connection error,http://feeds.reuters.com/~r/Reuters/PoliticsNews/~3/V1xDtJNUTx8/story01.htm
Connection error,http://feeds.reuters.com/~r/Reuters/domesticNews/~3/avgnMR9wQm8/story01.htm
Timeout error,http://www.kansascity.com/opinion/opn-columns-blogs/lewis-diuguid/article48445285.html#storylink=rss
Connection error,http://feeds.reuters.com/~r/reuters/technologysectorNews/~3/zf5DM8fc13A/story01.htm
Timeout error,http://www.kansascity.com/news/nation-world/national/article48483375.html#storylink=rss
Timeout error,http://www.miamiherald.com/news/local/community/miami-dade/community-voices/article48494540.html#storylink=rss
Timeout error,http://www.miamiherald.com/news/nation-world/article48293905.html#storylink=rss
Connection error,http://feeds.reuters.com/~r/reuters/MostRead/~3/WCIoOtkWi1E/story01.htm
Timeout error,http://www.miamiherald.com/news/article48423810.html#storylink=rss
Connection error,http://feeds.reuters.com/~r/reuters/topNews/~3/iBfY0lbCXSw/story01.htm
Timeout error,http://www.sacbee.com/news/politics-government/capitol-alert/article48633055.html#storylink=rss
Connection error,http://feeds.huffingtonpost.com/c/35496/f/677538/s/4c17e15e/sc/7/l/0L0Shuffingtonpost0N0C20A150C120C0A80Cmap0Ehow0Emany0Eshootings0Ehappened0Ein0Eyour0Eneighborhood0Ethis0Eyear0In0I87526660Bhtml0Dutm0Ihp0Iref0Fpolitics0Gir0FPolitics/story01.htm
Timeout error,http://www.usnews.com/news/us/articles/2015/12/08/the-latest-detective-who-said-hed-take-a-bullet-speaks
Timeout error,http://www.usnews.com/news/us/articles/2015/12/09/planned-parenthood-attack-most-officers-shot-since-2013
Timeout error,http://www.usnews.com/news/us/articles/2015/12/09/father-of-california-shooter-condemns-daughters-action
Connection error,http://www.sacbee.com/news/state/article48838155.html#storylink=rss
Timeout error,http://www.sacbee.com/opinion/letters-to-the-editor/article48860195.html#storylink=rss
Connection error,http://feeds.gawker.com/~r/jezebel/full/~3/Ju2GNW28yoI/heres-a-bad-idea-gun-rights-supporters-to-stage-mock-m-1747191728
Timeout error,http://www.miamiherald.com/news/nation-world/article48879705.html#storylink=rss
Connection error,http://www.cbsnews.com/videos/planned-parenthood-shooter-says-im-guilty/
Timeout error,http://www.kansascity.com/news/state/missouri/article48976440.html#storylink=rss
Timeout error,http://www.sacbee.com/opinion/op-ed/article48994750.html#storylink=rss
Timeout error,http://www.kansascity.com/news/nation-world/national/article49013370.html#storylink=rss
Timeout error,http://www.sacbee.com/news/nation-world/national/article49013370.html#storylink=rss
Timeout error,http://www.miamiherald.com/news/nation-world/national/article49013370.html#storylink=rss
Timeout error,http://www.kansascity.com/news/nation-world/national/article49071745.html#storylink=rss
Timeout error,http://www.miamiherald.com/news/nation-world/national/article49071745.html#storylink=rss
Timeout error,http://www.usnews.com/news/politics/articles/2015/12/10/house-gop-blocks-latest-dem-effort-to-force-gun-curb-vote
Connection error,http://feeds.reuters.com/~r/reuters/topNews/~3/pFp7sx0QUZM/story01.htm
Timeout error,http://www.kansascity.com/news/nation-world/national/article49119945.html#storylink=rss
Timeout error,http://www.sacbee.com/news/nation-world/national/article49119945.html#storylink=rss
Timeout error,http://www.miamiherald.com/news/nation-world/national/article49119945.html#storylink=rss
Timeout error,http://www.miamiherald.com/news/nation-world/article48962760.html#storylink=rss
Timeout error,http://www.kansascity.com/news/local/article49161160.html#storylink=rss
Connection error,http://feeds.huffingtonpost.com/c/35496/f/677538/s/4c2c98e6/sc/24/l/0L0Shuffingtonpost0N0C20A150C120C110Cisis0Emade0E50A0A0Emillion0Eoil0In0I87870A380Bhtml0Dutm0Ihp0Iref0Fpolitics0Gir0FPolitics/story01.htm
Timeout error,http://www.sacbee.com/news/nation-world/national/article49274155.html#storylink=rss
Timeout error,http://www.miamiherald.com/news/nation-world/national/article49274155.html#storylink=rss
Timeout error,http://www.kansascity.com/opinion/opn-columns-blogs/syndicated-columnists/article49311090.html#storylink=rss
Timeout error,http://www.kansascity.com/news/nation-world/article49320525.html#storylink=rss
Connection error,http://feeds.reuters.com/~r/reuters/topNews/~3/FeQeRWO4bQM/story01.htm
Timeout error,http://www.usnews.com/news/us/articles/2015-12-13/states-expanded-gun-rights-after-sandy-hook-school-massacre
Timeout error,http://www.miamiherald.com/news/nation-world/national/article49568635.html#storylink=rss
Timeout error,http://www.sacbee.com/news/nation-world/article49527895.html#storylink=rss
Timeout error,http://www.kansascity.com/news/nation-world/article49527895.html#storylink=rss
Connection error,http://feeds.gawker.com/~r/jezebel/full/~3/O7CHTXQlY1o/northeastern-university-students-protest-decision-to-ar-1747894143
Connection error,http://feeds.huffingtonpost.com/c/35496/f/677538/s/4c3be1a1/sc/7/l/0L0Shuffingtonpost0N0C20A150C120C140Cbackground0Echecks0Egun0Esales0In0I880A80A90A0Bhtml0Dutm0Ihp0Iref0Fpolitics0Gir0FPolitics/story01.htm
Timeout error,http://www.sacbee.com/news/nation-world/national/article49775045.html#storylink=rss
Timeout error,http://www.miamiherald.com/news/nation-world/national/article49775045.html#storylink=rss
Connection error,http://feeds.huffingtonpost.com/c/35496/f/677538/s/4c4241eb/sc/7/l/0L0Shuffingtonpost0N0C20A150C120C150Cbill0Ebratton0Ebomb0Ethreat0Elos0Eangeles0In0I88137440Bhtml0Dutm0Ihp0Iref0Fpolitics0Gir0FPolitics/story01.htm
Timeout error,http://www.usnews.com/news/politics/articles/2015-12-16/obama-to-meet-with-san-bernardino-shooting-victims
Timeout error,http://www.kansascity.com/opinion/opn-columns-blogs/mary-sanchez/article50377575.html#storylink=rss
Connection error,http://feeds.gawker.com/~r/jezebel/full/~3/Np0JyvG8BrE/disneyland-disney-world-and-seaworld-all-increase-secu-1748594049
Timeout error,http://www.sacbee.com/news/nation-world/national/article50448760.html#storylink=rss
Timeout error,http://www.miamiherald.com/news/nation-world/national/article50448760.html#storylink=rss
Timeout error,http://www.kansascity.com/news/nation-world/national/article50561075.html#storylink=rss
Timeout error,http://www.kansascity.com/news/nation-world/national/article50603815.html#storylink=rss
Timeout error,http://www.sacbee.com/latest-news/article50603815.html#storylink=rss
Timeout error,http://www.usnews.com/news/us/articles/2015-12-18/suit-challenges-removal-of-confederate-monuments
Connection error,http://www.cbsnews.com/videos/eye-opener-bernie-sanders-goes-on-the-warpath-over-a-data-breach/
Timeout error,http://www.usnews.com/news/politics/articles/2015-12-20/obama-tennessee-teen-killed-shielding-girls-is-a-hero
Timeout error,http://www.sacbee.com/news/nation-world/national/article51009495.html#storylink=rss
Timeout error,http://www.kansascity.com/news/nation-world/national/article51009495.html#storylink=rss
Timeout error,http://www.miamiherald.com/news/nation-world/national/article51009495.html#storylink=rss
Timeout error,http://www.kansascity.com/news/nation-world/national/article51044465.html#storylink=rss
Connection error,http://feeds.reuters.com/~r/Reuters/domesticNews/~3/KT4ugWp3b_Q/story01.htm
Timeout error,http://www.usnews.com/news/us/articles/2015-12-23/planned-parenthood-shooting-case-stalls-for-mental-exam
Timeout error,http://www.usnews.com/opinion/blogs/peter-roff/articles/2015-12-24/yes-virginia-there-is-a-santa-claus
Timeout error,http://www.kansascity.com/news/nation-world/national/article51670330.html#storylink=rss
Timeout error,http://www.miamiherald.com/news/nation-world/national/article51670330.html#storylink=rss
Connection error,http://feeds.reuters.com/~r/Reuters/domesticNews/~3/_8I0B6-aj6E/story01.htm
Connection error,http://feeds.gawker.com/~r/jezebel/full/~3/WaCMOKX6n9s/2015-in-fuckboys-and-their-fuck-shit-1746279096
Timeout error,http://www.kansascity.com/news/government-politics/article52626475.html#storylink=rss
Timeout error,http://www.usnews.com/news/articles/2015-12-14/twitter-warns-users-of-possible-government-hacks
Timeout error,http://www.usnews.com/news/articles/2015/12/09/hope-for-change-congress-still-fights-but-shows-signs-of-progress
Timeout error,http://www.kansascity.com/news/local/news-columns-blogs/the-buzz/article47829615.html
Timeout error,http://www.kansascity.com/opinion/editorials/article47786070.html#storylink=rss
Timeout error,http://www.kansascity.com/opinion/letters-to-the-editor/article48505560.html#storylink=rss
Timeout error,http://www.kansascity.com/opinion/letters-to-the-editor/article49740980.html#storylink=rss
Timeout error,http://www.usnews.com/news/world/articles/2015/12/09/israels-netanyahu-rejects-trump-comments-on-muslims
Timeout error,http://www.sacbee.com/news/politics-government/dan-walters/article49466425.html#storylink=rss
Timeout error,http://www.miamiherald.com/news/nation-world/national/article49133185.html#storylink=rss
Timeout error,http://www.sacbee.com/news/nation-world/national/article49133185.html#storylink=rss
Connection error,http://feeds.gawker.com/~r/gawker/full/~3/d7N70gBZFYU/in-pointless-speech-obama-reassures-america-that-we-w-1746561412
Connection error,http://feeds.reuters.com/~r/reuters/topNews/~3/Pin4Pd97nYI/story01.htm
Timeout error,http://www.kansascity.com/opinion/opn-columns-blogs/lewis-diuguid/article47727615.html#storylink=rss
Timeout error,http://www.sacbee.com/news/nation-world/national/article47813025.html#storylink=rss
Timeout error,http://www.sacbee.com/opinion/editorials/article48034750.html#storylink=rss
Timeout error,http://www.miamiherald.com/news/nation-world/article47683045.html#storylink=rss
Timeout error,http://www.usnews.com/news/articles/2015/12/07/san-bernardino-shooting-shows-evolving-isis-threat
Timeout error,http://www.miamiherald.com/news/local/community/miami-dade/article49109265.html#storylink=rss
Connection error,http://feeds.huffingtonpost.com/c/35496/f/677045/s/4c477124/sc/7/l/0L0Shuffingtonpost0N0Ch0Ea0Egoodman0Cclinton0Eand0Etrump0Ewould0Emake0Esimilar0Epresidents0Ib0I88171560Bhtml/story01.htm
Timeout error,http://www.miamiherald.com/news/politics-government/election/article47629675.html
Timeout error,http://www.miamiherald.com/news/nation-world/article49320525.html#storylink=rss
Connection error,http://feeds.huffingtonpost.com/c/35496/f/677538/s/4c5017a5/sc/7/l/0L0Shuffingtonpost0N0C20A150C120C170Ccongress0Eplanned0Eparenthood0Einvestigation0In0I8830A70A0A0Bhtml0Dutm0Ihp0Iref0Fpolitics0Gir0FPolitics/story01.htm
Connection error,http://feeds.reuters.com/~r/Reuters/PoliticsNews/~3/8tlgYgooxAo/story01.htm
Timeout error,http://www.usnews.com/news/world/articles/2015/12/10/trumps-upcoming-israel-visit-puts-netanyahu-in-a-bind
Timeout error,http://www.usnews.com/news/politics/articles/2015-12-18/obama-to-hold-year-end-news-conference-before-hawaii-getaway
Connection error,http://feeds.reuters.com/~r/reuters/MostRead/~3/PS_rg36HCsc/story01.htm
Connection error,http://feeds.reuters.com/~r/Reuters/domesticNews/~3/hEMlXH3kIH4/story01.htm
Connection error,http://feeds.reuters.com/~r/reuters/topNews/~3/pFp7sx0QUZM/story01.htm
Connection error,http://feeds.reuters.com/~r/Reuters/domesticNews/~3/Gtzu5w_5wog/story01.htm
Connection error,http://feeds.reuters.com/~r/news/usmarkets/~3/gN55hESsDdA/story01.htm
Connection error,http://feeds.reuters.com/~r/reuters/topNews/~3/mjcJrtOhYOo/story01.htm
Connection error,http://feeds.huffingtonpost.com/c/35496/f/677538/s/4bfbc1d5/sc/7/l/0L0Shuffingtonpost0N0C20A150C120C0A30Crand0Epaul0Esan0Ebernardino0Eshooting0In0I87121960Bhtml0Dutm0Ihp0Iref0Fpolitics0Gir0FPolitics/story01.htm
Connection error,http://feeds.reuters.com/~r/reuters/USVideoTopNews/~3/AyWF4NF-4oo/story01.htm
Connection error,http://feeds.reuters.com/~r/reuters/USVideoLatest/~3/UP6BUkif4_k/gunman-farooks-sister-i-dont-even-know-i
Connection error,http://feeds.reuters.com/~r/Reuters/domesticNews/~3/wsIOuCPhU30/story01.htm
Connection error,http://feeds.reuters.com/~r/reuters/USVideoLatest/~3/GyYQ4ECfGbY/police-name-california-shooters
Connection error,http://feeds.reuters.com/~r/Reuters/domesticNews/~3/PRGRIU-QRHk/story01.htm
Connection error,http://feeds.reuters.com/~r/reuters/USVideoTopNews/~3/CTkACFfFRuk/story01.htm
Connection error,http://feeds.reuters.com/~r/reuters/USVideoMostWatched/~3/tnGIVTWmr3Q/mass-shooting-in-san-bernardino
Timeout error,http://www.usnews.com/opinion/blogs/faith-matters/2015/12/11/the-san-bernardino-shooters-dont-prove-islam-is-a-violent-religion
Connection error,http://feeds.reuters.com/~r/reuters/USVideoPolitics/~3/A4dNRD6F3Qk/trump-muslims-response-in-san-bernardino
Connection error,http://feeds.huffingtonpost.com/c/35496/f/677538/s/4c0f5920/sc/7/l/0L0Shuffingtonpost0N0C20A150C120C0A70Chow0Efacebook0Egoogle0Eand0Etwitter0Eare0Ecombating0Eterrorism0In0I87392280Bhtml0Dutm0Ihp0Iref0Fpolitics0Gir0FPolitics/story01.htm
Timeout error,http://www.msnbc.com/msnbc/obama-congress-avert-shutdown
Connection error,http://feeds.gawker.com/~r/gawker/full/~3/0p7dtNkg41A/friend-of-san-bernadino-shooters-charged-with-conspirin-1748598947
Connection error,http://feeds.huffingtonpost.com/c/35496/f/677538/s/4c0ab9c8/sc/7/l/0L0Shuffingtonpost0N0C20A150C120C0A60Csan0Ebernardino0Eshooting0Enational0Esecurity0In0I87349740Bhtml0Dutm0Ihp0Iref0Fpolitics0Gir0FPolitics/story01.htm
Connection error,http://feeds.huffingtonpost.com/c/35496/f/677538/s/4bfb5fa9/sc/7/l/0L0Shuffingtonpost0N0C20A150C120C0A30Csan0Ebernardino0Eblood0Ebanks0Eappeal0Efor0Edonations0Efor0Eshooting0Evictims0In0I87115780Bhtml0Dutm0Ihp0Iref0Fpolitics0Gir0FPolitics/story01.htm
Timeout error,http://www.sacbee.com/news/politics-government/capitol-alert/article48174100.html#storylink=cpy
Connection error,http://feeds.gawker.com/~r/gawker/full/~3/TwN4YHnM6CY/the-100-most-popular-gawker-posts-of-2015-1750048391
Timeout error,http://www.sacbee.com/opinion/editorials/article47684100.html#storylink=rss
Connection error,http://feeds.reuters.com/~r/reuters/topNews/~3/O6frX3z-7Og/story01.htm
Timeout error,http://www.usnews.com/news/politics/articles/2015/12/03/senate-votes-down-gun-curbs-in-wake-of-ca-attacks
Connection error,http://feeds.huffingtonpost.com/c/35496/f/677538/s/4c33766f/sc/7/l/0L0Shuffingtonpost0N0C20A150C120C130Cgun0Erights0Esandy0Ehook0In0I87986240Bhtml0Dutm0Ihp0Iref0Fpolitics0Gir0FPolitics/story01.htm
Connection error,http://feeds.huffingtonpost.com/c/35496/f/677538/s/4c40cd79/sc/38/l/0L0Shuffingtonpost0N0C20A150C120C150Cthis0Eapp0Ecould0Emanage0Eyour0Eemotions0Eafter0Emass0Eshootings0In0I881180A80Bhtml0Dutm0Ihp0Iref0Fpolitics0Gir0FPolitics/story01.htm
Connection error,http://feeds.reuters.com/~r/reuters/USVideoLatest/~3/LsNYtJiOjoY/obama-says-we-will-not-be-terrorized-aft
Connection error,http://feeds.huffingtonpost.com/c/35496/f/677081/s/4c011ab9/sc/28/l/0L0Shuffingtonpost0N0C20A150C120C0A40Csan0Ebernardino0Eattacker0Ebrainwashed0In0I8719330A0Bhtml0Dutm0Ihp0Iref0Fmedia0Gir0FMedia/story01.htm
Connection error,http://feeds.reuters.com/~r/Reuters/PoliticsNews/~3/H83hdUds1d0/story01.htm
Connection error,http://feeds.huffingtonpost.com/c/35496/f/677538/s/4c3bdb55/sc/7/l/0L0Shuffingtonpost0N0C20A150C120C140Cgun0Edeaths0Echildren0In0I880A8220A0Bhtml0Dutm0Ihp0Iref0Fpolitics0Gir0FPolitics/story01.htm
Connection error,http://www.cbsnews.com/videos/san-bernardino-shooting-reignites-gun-control-debate/
Connection error,http://feeds.huffingtonpost.com/c/35496/f/677538/s/4c556e67/sc/7/l/0L0Shuffingtonpost0N0C20A150C120C170Cstate0Egun0Elaw0Egrades0In0I88380A980Bhtml0Dutm0Ihp0Iref0Fpolitics0Gir0FPolitics/story01.htm
