Connection error,http://feeds.gawker.com/~r/gawker/full/~3/7_JMuDMk_Wo/as-many-as-20-victims-reported-in-san-bernardino-mass-s-1745757446
Timeout error,http://www.usnews.com/news/entertainment/articles/2015/12/02/sundance-film-festival-reveals-drama-documentary-contenders
Connection error,http://feeds.reuters.com/~r/reuters/USVideoLatest/~3/BmmfN7HQbjE/mass-shooting-in-san-bernardino
Connection error,http://feeds.gawker.com/~r/jezebel/full/~3/lYX4kqZ_byM/there-have-been-more-mass-shootings-in-2015-than-days-i-1745776127
Connection error,http://feeds.gawker.com/~r/gizmodo/full/~3/rpRjplPj1CY/gawker-updating-at-least-12-dead-in-san-bernardino-ma-1745792220
Connection error,http://feeds.gawker.com/~r/gawker/full/~3/GkK-GU2a9dM/all-the-presidential-candidates-responses-to-the-san-be-1745791239
Connection error,http://feeds.reuters.com/~r/reuters/USVideoLatest/~3/zQeJ4FKeBTk/deadly-mass-shooting-in-san-bernardino
Timeout error,http://pics.mcclatchyinteractive.com/news/nation-world/national/article47592115.html#storylink=rss
Timeout error,http://www.miamiherald.com/article47564025.html#storylink=rss
Timeout error,http://www.sacbee.com/opinion/editorial-cartoons/jack-ohman/article47614340.html#storylink=rss
Connection error,http://www.cbsnews.com/videos/at-least-14-dead-in-san-bernardino-mass-shooting/
Timeout error,http://www.usnews.com/news/blogs/run-2016/2015/12/02/ben-carson-loses-top-fundraiser-calls-san-bernardino-shooting-a-hate-crime
Timeout error,http://www.miamiherald.com/latest-news/article47562745.html#storylink=rss
Connection error,http://feeds.gawker.com/~r/gawker/full/~3/bqHiuNjZ6Ho/woman-killed-in-savannah-in-yet-another-mass-shooting-t-1745852693
Timeout error,http://www.kansascity.com/news/nation-world/national/article47670185.html#storylink=rss
Connection error,http://feeds.reuters.com/~r/reuters/USVideoLatest/~3/u2s19D529YI/two-suspects-dead-wearing-assault-style
Connection error,http://www.cbsnews.com/videos/multiple-attackers-in-san-bernardino-shooting/
Timeout error,http://www.usnews.com/news/us/articles/2015/12/03/14-dead-17-wounded-in-california-shooting-2-suspects-dead
Connection error,http://feeds.reuters.com/~r/reuters/USVideoLatest/~3/GyYQ4ECfGbY/police-name-california-shooters
Connection error,http://www.cbsnews.com/videos/crime-expert-on-why-san-bernardino-mass-shooting-is-an-outlier/
Timeout error,http://www.sacbee.com/news/nation-world/article47692830.html#storylink=rss
Timeout error,http://www.sacbee.com/news/nation-world/national/article47715805.html#storylink=rss
Timeout error,http://www.miamiherald.com/news/nation-world/national/article47715805.html#storylink=rss
Timeout error,http://theweek.com/cartoons/592165/political-cartoon-mass-shooting-policy
Timeout error,http://www.sacbee.com/opinion/op-ed/article47725095.html#storylink=rss
Connection error,http://www.cbsnews.com/videos/latest-on-san-bernardino-shooting/
Connection error,http://www.cbsnews.com/videos/legal-analysis-of-the-san-bernardino-shooting/
Connection error,http://www.cbsnews.com/videos/political-responses-to-san-bernardino-shooting-stoke-strong-emotions/
Connection error,http://www.cbsnews.com/videos/what-do-we-know-about-the-san-bernardino-suspects/
Timeout error,http://www.usnews.com/news/articles/2015/12/03/who-were-the-san-bernardino-shooters
Connection error,http://feeds.reuters.com/~r/reuters/USVideoLatest/~3/nEMgBpXZ3lQ/obama-california-shooting-motive-not-cle
Timeout error,http://www.usnews.com/opinion/articles/2015/12/03/mass-shooting-in-san-bernardino-sparks-debate-about-gun-control-and-prayer
Timeout error,http://www.sacbee.com/news/local/article47766560.html#storylink=rss
Timeout error,http://www.sacbee.com/news/nation-world/national/article47774360.html#storylink=rss
Timeout error,http://www.kansascity.com/news/government-politics/article47774360.html#storylink=rss
Connection error,http://feeds.gawker.com/~r/jezebel/full/~3/FxxklXb53g8/san-bernardino-mass-shooting-suspects-killed-in-shooto-1745911542
Timeout error,http://www.usnews.com/news/politics/articles/2015/12/03/motives-behind-mass-violence-can-be-a-complex-mix
Timeout error,http://www.sacbee.com/news/local/article47774900.html#storylink=rss
Timeout error,http://www.usnews.com/news/us/articles/2015/12/03/stories-of-those-who-died-in-the-mass-shooting-in-california
Connection error,http://feeds.reuters.com/~r/Reuters/PoliticsNews/~3/I9UeqRAMjdA/story01.htm
Timeout error,http://www.usnews.com/news/politics/articles/2015/12/03/politics-of-grief-gun-control-prayer-after-latest-shooting
Timeout error,http://www.usnews.com/news/politics/articles/2015/12/03/politics-of-grief-and-gun-control-after-latest-shooting
Connection error,http://feeds.reuters.com/~r/reuters/USVideoLatest/~3/B1NgrzOcaUY/clinton-on-gun-control-i-will-not-be-sil
Connection error,http://feeds.reuters.com/~r/Reuters/domesticNews/~3/4fpZL3cjqgM/story01.htm
Timeout error,http://www.kansascity.com/opinion/opn-columns-blogs/barbara-shelly/article47831070.html#storylink=rss
Timeout error,http://www.miamiherald.com/news/politics-government/elections-2016/article47826975.html#storylink=rss
Timeout error,http://www.miamiherald.com/entertainment/celebrities/article47842170.html#storylink=rss
Timeout error,http://www.miamiherald.com/opinion/op-ed/article47849545.html#storylink=rss
Timeout error,http://www.kansascity.com/news/nation-world/article47683045.html#storylink=rss
Timeout error,http://www.miamiherald.com/news/local/news-columns-blogs/fabiola-santiago/article47849705.html#storylink=rss
Connection error,http://www.cbsnews.com/videos/president-obamas-13-mass-shooting-speeches/
Timeout error,http://www.miamiherald.com/news/article47692230.html#storylink=rss
Connection error,http://feeds.huffingtonpost.com/c/35496/f/677538/s/4bfd115c/sc/7/l/0L0Shuffingtonpost0N0C20A150C120C0A30Crush0Elimbaugh0Emass0Eshooting0In0I871450A40Bhtml0Dutm0Ihp0Iref0Fpolitics0Gir0FPolitics/story01.htm
Connection error,http://feeds.reuters.com/~r/reuters/USVideoLatest/~3/xMlZgkicsz4/one-of-first-officers-on-scene-says-it-w
Timeout error,http://www.sacbee.com/news/state/california/article47832010.html#storylink=rss
Timeout error,http://www.kansascity.com/news/nation-world/article47899725.html#storylink=rss
Connection error,http://feeds.foxnews.com/~r/blogs/Gretawire/~3/1PU7yXIJ2O0/
Connection error,http://feeds.foxnews.com/~r/blogs/Gretawire/~3/SXKIR1zx7nc/
Timeout error,http://www.usnews.com/news/us/articles/2015/12/04/the-latest-relative-shooter-was-bad-person-not-radical
Timeout error,http://www.kansascity.com/news/nation-world/national/article47921485.html#storylink=rss
Connection error,http://feeds.huffingtonpost.com/c/35496/f/677538/s/4c014929/sc/7/l/0L0Shuffingtonpost0N0C20A150C120C0A30Cmass0Eshooting0Etv0Epundit0In0I8719370A0Bhtml0Dutm0Ihp0Iref0Fpolitics0Gir0FPolitics/story01.htm
Connection error,http://feeds.reuters.com/~r/Reuters/domesticNews/~3/23bLD3XLBH0/story01.htm
Connection error,http://www.cbsnews.com/videos/candidates-react-to-san-bernardino-shooting/
Connection error,http://www.cbsnews.com/videos/official-female-calif-shooter-pledged-allegiance-to-isis-leader/
Connection error,http://www.cbsnews.com/videos/search-for-motive-in-calif-mass-shooting/
Connection error,http://feeds.reuters.com/~r/reuters/companyNews/~3/vXN5njoBuqc/story01.htm
Connection error,http://feeds.reuters.com/~r/reuters/MostRead/~3/BMuuvjvxOvQ/story01.htm
Timeout error,http://www.sacbee.com/news/politics-government/capitol-alert/article47992495.html#storylink=rss
Connection error,http://feeds.reuters.com/~r/reuters/companyNews/~3/BbAxKa1mVXA/story01.htm
Connection error,http://feeds.huffingtonpost.com/c/35496/f/677564/s/4c01aaa1/sc/7/l/0L0Shuffingtonpost0N0Cira0Esilver0Cremoving0Ethe0Espectacle0Efr0Ib0I870A810A40Bhtml0Dutm0Ihp0Iref0Fcrime0Gir0FCrime/story01.htm
Timeout error,http://www.sacbee.com/news/state/california/article47929735.html#storylink=rss
Connection error,http://feeds.foxnews.com/~r/blogs/Gretawire/~3/TPJZl1vmCV4/
Connection error,http://feeds.gawker.com/~r/jezebel/full/~3/uaaFzIjAWJE/fbi-san-bernardino-mass-shooting-now-being-investigate-1746247345
Connection error,http://feeds.gawker.com/~r/gawker/full/~3/PqGEhHscCQg/how-the-daily-beast-misidentified-one-of-the-san-bernar-1745970158
Connection error,http://feeds.gawker.com/~r/gawker/full/~3/JgzWhSWNrDM/you-will-not-die-in-a-mass-shooting-1746158444
Timeout error,http://www.usnews.com/news/photos/2015/12/04/photos-vigils-for-mass-shooting-victims-in-2015
Connection error,http://feeds.reuters.com/~r/news/usmarkets/~3/ZE3vZCETwWU/story01.htm
Timeout error,http://www.usnews.com/news/us/articles/2015/12/04/san-bernardino-attack-raises-fears-in-smaller-cities
Timeout error,http://www.usnews.com/news/politics/articles/2015/12/04/ben-carson-says-california-shootings-end-refugee-debate
Timeout error,http://www.sacbee.com/news/local/article48066200.html#storylink=rss
Connection error,http://feeds.huffingtonpost.com/c/35496/f/677538/s/4c032b02/sc/7/l/0L0Shuffingtonpost0N0C20A150C120C0A40Cmsnbc0Eterrorist0Eapartment0In0I8724810A0Bhtml0Dutm0Ihp0Iref0Fpolitics0Gir0FPolitics/story01.htm
Connection error,http://feeds.huffingtonpost.com/c/35496/f/677538/s/4c032b04/sc/7/l/0L0Shuffingtonpost0N0C20A150C120C0A40Ccop0Emass0Eshooting0In0I8724790A0Bhtml0Dutm0Ihp0Iref0Fpolitics0Gir0FPolitics/story01.htm
Timeout error,http://www.miamiherald.com/news/nation-world/article47921205.html#storylink=rss
Timeout error,http://www.miamiherald.com/news/nation-world/article48055230.html#storylink=rss
Timeout error,http://www.sacbee.com/news/local/article48109860.html#storylink=rss
Timeout error,http://www.usnews.com/news/us/articles/2015/12/05/fbi-investigates-southern-california-attack-as-act-of-terror
Connection error,http://feeds.reuters.com/~r/Reuters/domesticNews/~3/HDrqLHt85rc/story01.htm
Timeout error,http://www.sacbee.com/news/article48148795.html#storylink=rss
Timeout error,http://www.usnews.com/news/business/articles/2015/12/05/social-media-the-new-megaphone-for-violent-perpetrators
Timeout error,http://www.usnews.com/news/us/articles/2015/12/05/the-latest-shooters-relative-says-she-grew-more-religious
Timeout error,http://www.usnews.com/news/us/articles/2015/12/05/the-latest-islamic-state-group-praises-california-shootings
Connection error,http://feeds.reuters.com/~r/reuters/topNews/~3/zqx6dZA3pY4/story01.htm
Connection error,http://feeds.reuters.com/~r/reuters/topNews/~3/zqx6dZA3pY4/story01.htm
Connection error,http://feeds.reuters.com/~r/reuters/topNews/~3/mjcJrtOhYOo/story01.htm
Timeout error,http://www.sacbee.com/news/politics-government/capitol-alert/article48166535.html#storylink=rss
Timeout error,http://www.sacbee.com/news/politics-government/capitol-alert/article48166330.html#storylink=rss
Timeout error,http://www.sacbee.com/news/nation-world/national/article48179595.html#storylink=rss
Timeout error,http://www.miamiherald.com/news/nation-world/national/article48179595.html#storylink=rss
Timeout error,http://www.kansascity.com/news/nation-world/national/article48179595.html#storylink=rss
Timeout error,http://www.kansascity.com/news/nation-world/world/article48181325.html#storylink=rss
Timeout error,http://www.miamiherald.com/news/nation-world/world/article48181325.html#storylink=rss
Connection error,http://feeds.reuters.com/~r/Reuters/domesticNews/~3/RyOtFW9odIU/story01.htm
Timeout error,http://www.kansascity.com/news/nation-world/national/article48193320.html#storylink=rss
Connection error,http://feeds.reuters.com/~r/reuters/topNews/~3/fhrf39LSVOU/story01.htm
Connection error,http://feeds.reuters.com/~r/reuters/topNews/~3/fhrf39LSVOU/story01.htm
Connection error,http://feeds.reuters.com/~r/news/usmarkets/~3/BxXyyJM8268/story01.htm
Timeout error,http://www.miamiherald.com/news/nation-world/national/article48225535.html#storylink=rss
Timeout error,http://www.sacbee.com/news/nation-world/national/article48225535.html#storylink=rss
Timeout error,http://www.kansascity.com/news/nation-world/article48140500.html#storylink=rss
Connection error,http://feeds.reuters.com/~r/reuters/topNews/~3/Jbj5KBMMCIQ/story01.htm
Timeout error,http://www.sacbee.com/news/nation-world/national/article48253805.html#storylink=rss
Timeout error,http://www.miamiherald.com/news/nation-world/national/article48261345.html#storylink=rss
Timeout error,http://www.kansascity.com/news/nation-world/national/article48261345.html#storylink=rss
Timeout error,http://www.usnews.com/news/us/articles/2015/12/05/liberty-president-calls-for-an-armed-christian-campus
Timeout error,http://www.sacbee.com/opinion/editorial-cartoons/jack-ohman/article48015470.html#storylink=rss
Timeout error,http://www.usnews.com/news/us/articles/2015/12/06/californias-strict-gun-laws-failed-to-stop-mass-shooting
Connection error,http://feeds.reuters.com/~r/reuters/MostRead/~3/RKXO7iCfTUg/story01.htm
Connection error,http://feeds.reuters.com/~r/reuters/topNews/~3/uakzuZyS-cc/story01.htm
Connection error,http://feeds.reuters.com/~r/reuters/topNews/~3/uakzuZyS-cc/story01.htm
Timeout error,http://www.miamiherald.com/opinion/letters-to-the-editor/article48298230.html#storylink=rss
Timeout error,http://www.sacbee.com/news/nation-world/national/article48343070.html#storylink=rss
Timeout error,http://www.usnews.com/news/entertainment/articles/2015/12/06/u2s-bono-honors-victims-in-paris-san-bernardino
Timeout error,http://www.kansascity.com/news/nation-world/national/article48343070.html#storylink=rss
Timeout error,http://www.miamiherald.com/entertainment/celebrities/article48347085.html#storylink=rss
Timeout error,http://www.sacbee.com/news/nation-world/world/article48354275.html#storylink=rss
Timeout error,http://www.kansascity.com/latest-news/article48354275.html#storylink=rss
Connection error,http://feeds.reuters.com/~r/reuters/topNews/~3/oSyhHVQOIAY/story01.htm
Timeout error,http://www.usnews.com/news/us/articles/2015/12/07/for-3-killed-in-california-attack-us-was-refuge-from-fear
Timeout error,http://www.usnews.com/news/world/articles/2015/12/07/pakistan-intel-officials-say-malik-attended-religious-school
Connection error,http://feeds.reuters.com/~r/reuters/topNews/~3/2MLBIeVeGbM/story01.htm
Connection error,http://feeds.reuters.com/~r/Reuters/domesticNews/~3/XsJ0g-RUYMs/story01.htm
Timeout error,http://www.miamiherald.com/news/nation-world/national/article48410635.html#storylink=rss
Timeout error,http://www.sacbee.com/news/politics-government/capitol-alert/article48414070.html#storylink=rss
Connection error,http://feeds.reuters.com/~r/Reuters/PoliticsNews/~3/V1xDtJNUTx8/story01.htm
Connection error,http://feeds.reuters.com/~r/Reuters/domesticNews/~3/avgnMR9wQm8/story01.htm
Timeout error,http://www.kansascity.com/opinion/opn-columns-blogs/lewis-diuguid/article48445285.html#storylink=rss
Connection error,http://feeds.reuters.com/~r/reuters/technologysectorNews/~3/zf5DM8fc13A/story01.htm
Timeout error,http://www.kansascity.com/news/nation-world/national/article48483375.html#storylink=rss
Timeout error,http://www.miamiherald.com/news/local/community/miami-dade/community-voices/article48494540.html#storylink=rss
Timeout error,http://www.miamiherald.com/news/nation-world/article48293905.html#storylink=rss
Connection error,http://feeds.reuters.com/~r/reuters/MostRead/~3/WCIoOtkWi1E/story01.htm
Timeout error,http://www.miamiherald.com/news/article48423810.html#storylink=rss
Connection error,http://feeds.reuters.com/~r/reuters/topNews/~3/iBfY0lbCXSw/story01.htm
Timeout error,http://www.sacbee.com/news/politics-government/capitol-alert/article48633055.html#storylink=rss
Connection error,http://feeds.huffingtonpost.com/c/35496/f/677538/s/4c17e15e/sc/7/l/0L0Shuffingtonpost0N0C20A150C120C0A80Cmap0Ehow0Emany0Eshootings0Ehappened0Ein0Eyour0Eneighborhood0Ethis0Eyear0In0I87526660Bhtml0Dutm0Ihp0Iref0Fpolitics0Gir0FPolitics/story01.htm
Timeout error,http://www.usnews.com/news/us/articles/2015/12/08/the-latest-detective-who-said-hed-take-a-bullet-speaks
Timeout error,http://www.usnews.com/news/us/articles/2015/12/09/planned-parenthood-attack-most-officers-shot-since-2013
Timeout error,http://www.usnews.com/news/us/articles/2015/12/09/father-of-california-shooter-condemns-daughters-action
Timeout error,http://www.sacbee.com/news/state/article48838155.html#storylink=rss
Timeout error,http://www.sacbee.com/opinion/letters-to-the-editor/article48860195.html#storylink=rss
Connection error,http://feeds.gawker.com/~r/jezebel/full/~3/Ju2GNW28yoI/heres-a-bad-idea-gun-rights-supporters-to-stage-mock-m-1747191728
Timeout error,http://www.miamiherald.com/news/nation-world/article48879705.html#storylink=rss
Connection error,http://www.cbsnews.com/videos/planned-parenthood-shooter-says-im-guilty/
Timeout error,http://www.kansascity.com/news/state/missouri/article48976440.html#storylink=rss
Timeout error,http://www.sacbee.com/opinion/op-ed/article48994750.html#storylink=rss
Timeout error,http://www.kansascity.com/news/nation-world/national/article49013370.html#storylink=rss
Timeout error,http://www.sacbee.com/news/nation-world/national/article49013370.html#storylink=rss
Timeout error,http://www.miamiherald.com/news/nation-world/national/article49013370.html#storylink=rss
Timeout error,http://www.kansascity.com/news/nation-world/national/article49071745.html#storylink=rss
Timeout error,http://www.miamiherald.com/news/nation-world/national/article49071745.html#storylink=rss
Timeout error,http://www.usnews.com/news/politics/articles/2015/12/10/house-gop-blocks-latest-dem-effort-to-force-gun-curb-vote
Connection error,http://feeds.reuters.com/~r/reuters/topNews/~3/pFp7sx0QUZM/story01.htm
Timeout error,http://www.kansascity.com/news/nation-world/national/article49119945.html#storylink=rss
Timeout error,http://www.sacbee.com/news/nation-world/national/article49119945.html#storylink=rss
Timeout error,http://www.miamiherald.com/news/nation-world/national/article49119945.html#storylink=rss
Timeout error,http://www.miamiherald.com/news/nation-world/article48962760.html#storylink=rss
Timeout error,http://www.kansascity.com/news/local/article49161160.html#storylink=rss
Connection error,http://feeds.huffingtonpost.com/c/35496/f/677538/s/4c2c98e6/sc/24/l/0L0Shuffingtonpost0N0C20A150C120C110Cisis0Emade0E50A0A0Emillion0Eoil0In0I87870A380Bhtml0Dutm0Ihp0Iref0Fpolitics0Gir0FPolitics/story01.htm
Timeout error,http://www.sacbee.com/news/nation-world/national/article49274155.html#storylink=rss
Timeout error,http://www.miamiherald.com/news/nation-world/national/article49274155.html#storylink=rss
Timeout error,http://www.kansascity.com/opinion/opn-columns-blogs/syndicated-columnists/article49311090.html#storylink=rss
Timeout error,http://www.kansascity.com/news/nation-world/article49320525.html#storylink=rss
Connection error,http://feeds.reuters.com/~r/reuters/topNews/~3/FeQeRWO4bQM/story01.htm
Timeout error,http://www.usnews.com/news/us/articles/2015-12-13/states-expanded-gun-rights-after-sandy-hook-school-massacre
Timeout error,http://www.miamiherald.com/news/nation-world/national/article49568635.html#storylink=rss
Timeout error,http://www.sacbee.com/news/nation-world/article49527895.html#storylink=rss
Timeout error,http://www.kansascity.com/news/nation-world/article49527895.html#storylink=rss
Connection error,http://feeds.gawker.com/~r/jezebel/full/~3/O7CHTXQlY1o/northeastern-university-students-protest-decision-to-ar-1747894143
Connection error,http://feeds.huffingtonpost.com/c/35496/f/677538/s/4c3be1a1/sc/7/l/0L0Shuffingtonpost0N0C20A150C120C140Cbackground0Echecks0Egun0Esales0In0I880A80A90A0Bhtml0Dutm0Ihp0Iref0Fpolitics0Gir0FPolitics/story01.htm
Timeout error,http://www.sacbee.com/news/nation-world/national/article49775045.html#storylink=rss
Timeout error,http://www.miamiherald.com/news/nation-world/national/article49775045.html#storylink=rss
Connection error,http://feeds.huffingtonpost.com/c/35496/f/677538/s/4c4241eb/sc/7/l/0L0Shuffingtonpost0N0C20A150C120C150Cbill0Ebratton0Ebomb0Ethreat0Elos0Eangeles0In0I88137440Bhtml0Dutm0Ihp0Iref0Fpolitics0Gir0FPolitics/story01.htm
Timeout error,http://www.usnews.com/news/politics/articles/2015-12-16/obama-to-meet-with-san-bernardino-shooting-victims
Timeout error,http://www.kansascity.com/opinion/opn-columns-blogs/mary-sanchez/article50377575.html#storylink=rss
Connection error,http://feeds.gawker.com/~r/jezebel/full/~3/Np0JyvG8BrE/disneyland-disney-world-and-seaworld-all-increase-secu-1748594049
Timeout error,http://www.sacbee.com/news/nation-world/national/article50448760.html#storylink=rss
Timeout error,http://www.miamiherald.com/news/nation-world/national/article50448760.html#storylink=rss
Timeout error,http://www.kansascity.com/news/nation-world/national/article50561075.html#storylink=rss
Timeout error,http://www.kansascity.com/news/nation-world/national/article50603815.html#storylink=rss
Timeout error,http://www.sacbee.com/latest-news/article50603815.html#storylink=rss
Timeout error,http://www.usnews.com/news/us/articles/2015-12-18/suit-challenges-removal-of-confederate-monuments
Connection error,http://www.cbsnews.com/videos/eye-opener-bernie-sanders-goes-on-the-warpath-over-a-data-breach/
Timeout error,http://www.usnews.com/news/politics/articles/2015-12-20/obama-tennessee-teen-killed-shielding-girls-is-a-hero
Timeout error,http://www.sacbee.com/news/nation-world/national/article51009495.html#storylink=rss
Timeout error,http://www.kansascity.com/news/nation-world/national/article51009495.html#storylink=rss
Timeout error,http://www.miamiherald.com/news/nation-world/national/article51009495.html#storylink=rss
Timeout error,http://www.kansascity.com/news/nation-world/national/article51044465.html#storylink=rss
Connection error,http://feeds.reuters.com/~r/Reuters/domesticNews/~3/KT4ugWp3b_Q/story01.htm
Timeout error,http://www.usnews.com/news/us/articles/2015-12-23/planned-parenthood-shooting-case-stalls-for-mental-exam
Timeout error,http://www.usnews.com/opinion/blogs/peter-roff/articles/2015-12-24/yes-virginia-there-is-a-santa-claus
Timeout error,http://www.kansascity.com/news/nation-world/national/article51670330.html#storylink=rss
Timeout error,http://www.miamiherald.com/news/nation-world/national/article51670330.html#storylink=rss
Connection error,http://feeds.reuters.com/~r/Reuters/domesticNews/~3/_8I0B6-aj6E/story01.htm
Connection error,http://feeds.gawker.com/~r/jezebel/full/~3/WaCMOKX6n9s/2015-in-fuckboys-and-their-fuck-shit-1746279096
Timeout error,http://www.kansascity.com/news/government-politics/article52626475.html#storylink=rss
Timeout error,http://www.usnews.com/news/articles/2015-12-14/twitter-warns-users-of-possible-government-hacks
Timeout error,http://www.usnews.com/news/articles/2015/12/09/hope-for-change-congress-still-fights-but-shows-signs-of-progress
Timeout error,http://www.kansascity.com/news/local/news-columns-blogs/the-buzz/article47829615.html
Timeout error,http://www.kansascity.com/opinion/editorials/article47786070.html#storylink=rss
Timeout error,http://www.kansascity.com/opinion/letters-to-the-editor/article48505560.html#storylink=rss
Timeout error,http://www.kansascity.com/opinion/letters-to-the-editor/article49740980.html#storylink=rss
Timeout error,http://www.usnews.com/news/world/articles/2015/12/09/israels-netanyahu-rejects-trump-comments-on-muslims
Timeout error,http://www.sacbee.com/news/politics-government/dan-walters/article49466425.html#storylink=rss
Timeout error,http://www.miamiherald.com/news/nation-world/national/article49133185.html#storylink=rss
Timeout error,http://www.sacbee.com/news/nation-world/national/article49133185.html#storylink=rss
Connection error,http://feeds.gawker.com/~r/gawker/full/~3/d7N70gBZFYU/in-pointless-speech-obama-reassures-america-that-we-w-1746561412
Connection error,http://feeds.reuters.com/~r/reuters/topNews/~3/Pin4Pd97nYI/story01.htm
Timeout error,http://www.kansascity.com/opinion/opn-columns-blogs/lewis-diuguid/article47727615.html#storylink=rss
Timeout error,http://www.sacbee.com/news/nation-world/national/article47813025.html#storylink=rss
Timeout error,http://www.sacbee.com/opinion/editorials/article48034750.html#storylink=rss
Timeout error,http://www.miamiherald.com/news/nation-world/article47683045.html#storylink=rss
Timeout error,http://www.usnews.com/news/articles/2015/12/07/san-bernardino-shooting-shows-evolving-isis-threat
Timeout error,http://www.miamiherald.com/news/local/community/miami-dade/article49109265.html#storylink=rss
Connection error,http://feeds.huffingtonpost.com/c/35496/f/677045/s/4c477124/sc/7/l/0L0Shuffingtonpost0N0Ch0Ea0Egoodman0Cclinton0Eand0Etrump0Ewould0Emake0Esimilar0Epresidents0Ib0I88171560Bhtml/story01.htm
Timeout error,http://www.miamiherald.com/news/politics-government/election/article47629675.html
Timeout error,http://www.miamiherald.com/news/nation-world/article49320525.html#storylink=rss
Connection error,http://feeds.huffingtonpost.com/c/35496/f/677538/s/4c5017a5/sc/7/l/0L0Shuffingtonpost0N0C20A150C120C170Ccongress0Eplanned0Eparenthood0Einvestigation0In0I8830A70A0A0Bhtml0Dutm0Ihp0Iref0Fpolitics0Gir0FPolitics/story01.htm
Connection error,http://feeds.reuters.com/~r/Reuters/PoliticsNews/~3/8tlgYgooxAo/story01.htm
Timeout error,http://www.usnews.com/news/world/articles/2015/12/10/trumps-upcoming-israel-visit-puts-netanyahu-in-a-bind
Timeout error,http://www.usnews.com/news/politics/articles/2015-12-18/obama-to-hold-year-end-news-conference-before-hawaii-getaway
Connection error,http://feeds.reuters.com/~r/reuters/MostRead/~3/PS_rg36HCsc/story01.htm
Connection error,http://feeds.reuters.com/~r/Reuters/domesticNews/~3/hEMlXH3kIH4/story01.htm
Connection error,http://feeds.reuters.com/~r/reuters/topNews/~3/pFp7sx0QUZM/story01.htm
Connection error,http://feeds.reuters.com/~r/Reuters/domesticNews/~3/Gtzu5w_5wog/story01.htm
Connection error,http://feeds.reuters.com/~r/news/usmarkets/~3/gN55hESsDdA/story01.htm
Connection error,http://feeds.reuters.com/~r/reuters/topNews/~3/mjcJrtOhYOo/story01.htm
Connection error,http://feeds.huffingtonpost.com/c/35496/f/677538/s/4bfbc1d5/sc/7/l/0L0Shuffingtonpost0N0C20A150C120C0A30Crand0Epaul0Esan0Ebernardino0Eshooting0In0I87121960Bhtml0Dutm0Ihp0Iref0Fpolitics0Gir0FPolitics/story01.htm
Connection error,http://feeds.reuters.com/~r/reuters/USVideoTopNews/~3/AyWF4NF-4oo/story01.htm
Connection error,http://feeds.reuters.com/~r/reuters/USVideoLatest/~3/UP6BUkif4_k/gunman-farooks-sister-i-dont-even-know-i
Connection error,http://feeds.reuters.com/~r/Reuters/domesticNews/~3/wsIOuCPhU30/story01.htm
Connection error,http://feeds.reuters.com/~r/reuters/USVideoLatest/~3/GyYQ4ECfGbY/police-name-california-shooters
Connection error,http://feeds.reuters.com/~r/Reuters/domesticNews/~3/PRGRIU-QRHk/story01.htm
Connection error,http://feeds.reuters.com/~r/reuters/USVideoTopNews/~3/CTkACFfFRuk/story01.htm
Connection error,http://feeds.reuters.com/~r/reuters/USVideoMostWatched/~3/tnGIVTWmr3Q/mass-shooting-in-san-bernardino
Timeout error,http://www.usnews.com/opinion/blogs/faith-matters/2015/12/11/the-san-bernardino-shooters-dont-prove-islam-is-a-violent-religion
Connection error,http://feeds.reuters.com/~r/reuters/USVideoPolitics/~3/A4dNRD6F3Qk/trump-muslims-response-in-san-bernardino
Connection error,http://feeds.huffingtonpost.com/c/35496/f/677538/s/4c0f5920/sc/7/l/0L0Shuffingtonpost0N0C20A150C120C0A70Chow0Efacebook0Egoogle0Eand0Etwitter0Eare0Ecombating0Eterrorism0In0I87392280Bhtml0Dutm0Ihp0Iref0Fpolitics0Gir0FPolitics/story01.htm
Connection error,http://feeds.gawker.com/~r/gawker/full/~3/0p7dtNkg41A/friend-of-san-bernadino-shooters-charged-with-conspirin-1748598947
Connection error,http://feeds.huffingtonpost.com/c/35496/f/677538/s/4c0ab9c8/sc/7/l/0L0Shuffingtonpost0N0C20A150C120C0A60Csan0Ebernardino0Eshooting0Enational0Esecurity0In0I87349740Bhtml0Dutm0Ihp0Iref0Fpolitics0Gir0FPolitics/story01.htm
Connection error,http://feeds.huffingtonpost.com/c/35496/f/677538/s/4bfb5fa9/sc/7/l/0L0Shuffingtonpost0N0C20A150C120C0A30Csan0Ebernardino0Eblood0Ebanks0Eappeal0Efor0Edonations0Efor0Eshooting0Evictims0In0I87115780Bhtml0Dutm0Ihp0Iref0Fpolitics0Gir0FPolitics/story01.htm
Timeout error,http://www.sacbee.com/news/politics-government/capitol-alert/article48174100.html#storylink=cpy
Connection error,http://feeds.gawker.com/~r/gawker/full/~3/TwN4YHnM6CY/the-100-most-popular-gawker-posts-of-2015-1750048391
Timeout error,http://www.sacbee.com/opinion/editorials/article47684100.html#storylink=rss
Connection error,http://feeds.reuters.com/~r/reuters/topNews/~3/O6frX3z-7Og/story01.htm
Timeout error,http://www.usnews.com/news/politics/articles/2015/12/03/senate-votes-down-gun-curbs-in-wake-of-ca-attacks
Connection error,http://feeds.huffingtonpost.com/c/35496/f/677538/s/4c33766f/sc/7/l/0L0Shuffingtonpost0N0C20A150C120C130Cgun0Erights0Esandy0Ehook0In0I87986240Bhtml0Dutm0Ihp0Iref0Fpolitics0Gir0FPolitics/story01.htm
Connection error,http://feeds.huffingtonpost.com/c/35496/f/677538/s/4c40cd79/sc/38/l/0L0Shuffingtonpost0N0C20A150C120C150Cthis0Eapp0Ecould0Emanage0Eyour0Eemotions0Eafter0Emass0Eshootings0In0I881180A80Bhtml0Dutm0Ihp0Iref0Fpolitics0Gir0FPolitics/story01.htm
Connection error,http://feeds.reuters.com/~r/reuters/USVideoLatest/~3/LsNYtJiOjoY/obama-says-we-will-not-be-terrorized-aft
Connection error,http://feeds.huffingtonpost.com/c/35496/f/677081/s/4c011ab9/sc/28/l/0L0Shuffingtonpost0N0C20A150C120C0A40Csan0Ebernardino0Eattacker0Ebrainwashed0In0I8719330A0Bhtml0Dutm0Ihp0Iref0Fmedia0Gir0FMedia/story01.htm
Connection error,http://feeds.reuters.com/~r/Reuters/PoliticsNews/~3/H83hdUds1d0/story01.htm
Connection error,http://feeds.huffingtonpost.com/c/35496/f/677538/s/4c3bdb55/sc/7/l/0L0Shuffingtonpost0N0C20A150C120C140Cgun0Edeaths0Echildren0In0I880A8220A0Bhtml0Dutm0Ihp0Iref0Fpolitics0Gir0FPolitics/story01.htm
Connection error,http://www.cbsnews.com/videos/san-bernardino-shooting-reignites-gun-control-debate/
Connection error,http://feeds.huffingtonpost.com/c/35496/f/677538/s/4c556e67/sc/7/l/0L0Shuffingtonpost0N0C20A150C120C170Cstate0Egun0Elaw0Egrades0In0I88380A980Bhtml0Dutm0Ihp0Iref0Fpolitics0Gir0FPolitics/story01.htm
Connection error,http://feeds.reuters.com/~r/reuters/topNews/~3/ArBPRiDZkU0/story01.htm
Connection error,http://feeds.huffingtonpost.com/c/35496/f/677538/s/4c257eb4/sc/7/l/0L0Shuffingtonpost0N0C20A150C120C10A0Cobama0Egun0Esales0Eexpanded0Ebackground0Echecks0Eproposal0In0I87737480Bhtml0Dutm0Ihp0Iref0Fpolitics0Gir0FPolitics/story01.htm
Connection error,http://feeds.huffingtonpost.com/c/35496/f/677538/s/4bfc3e08/sc/7/l/0L0Shuffingtonpost0N0C20A150C120C0A30Csheriff0Eguns0Esan0Ebernardino0Eshooting0In0I8713980A0Bhtml0Dutm0Ihp0Iref0Fpolitics0Gir0FPolitics/story01.htm
Connection error,http://feeds.huffingtonpost.com/c/35496/f/677538/s/4bf4afce/sc/7/l/0L0Shuffingtonpost0N0C20A150C120C0A20Charry0Ereid0Esan0Ebernardino0Eshooting0In0I870A25240Bhtml0Dutm0Ihp0Iref0Fpolitics0Gir0FPolitics/story01.htm
Connection error,http://feeds.huffingtonpost.com/c/35496/f/677594/s/4c70b203/sc/21/l/0L0Shuffingtonpost0N0Cchristopher0Ej0Eferguson0Cshould0Esanta0Ebring0Ecall0Eof0Eduty0Ib0I882440A80Bhtml0Dutm0Ihp0Iref0Fparents0Gir0FParents/story01.htm
Connection error,http://feeds.huffingtonpost.com/c/35496/f/677538/s/4bfb128d/sc/7/l/0L0Shuffingtonpost0N0C20A150C120C0A30Cmuslims0Esan0Ebernardino0Eshooting0In0I8710A9740Bhtml0Dutm0Ihp0Iref0Fpolitics0Gir0FPolitics/story01.htm
Connection error,http://feeds.huffingtonpost.com/c/35496/f/677538/s/4c109388/sc/7/l/0L0Shuffingtonpost0N0C20A150C120C0A60Caustin0Emass0Eshootings0In0I87413220Bhtml0Dutm0Ihp0Iref0Fpolitics0Gir0FPolitics/story01.htm
Timeout error,http://www.sacbee.com/news/politics-government/capitol-alert/article47617840.html#storylink=rss
Timeout error,http://www.sacbee.com/news/politics-government/capitol-alert/article48391220.html#storylink=rss
Timeout error,http://www.miamiherald.com/news/nation-world/article47692830.html#storylink=rss
Timeout error,http://www.sacbee.com/news/politics-government/capitol-alert/article48732175.html#storylink=rss
Connection error,http://feeds.huffingtonpost.com/c/35496/f/677564/s/4c629f80/sc/7/l/0L0Shuffingtonpost0N0Cmike0Eweisser0Cmass0Eshooting0Etrackers0Ib0I88536880Bhtml0Dutm0Ihp0Iref0Fcrime0Gir0FCrime/story01.htm
Connection error,http://feeds.huffingtonpost.com/c/35496/f/677538/s/4bf54365/sc/7/l/0L0Shuffingtonpost0N0C20A150C120C0A20Cgeraldo0Erivera0Enra0In0I870A37220Bhtml0Dutm0Ihp0Iref0Fpolitics0Gir0FPolitics/story01.htm
Connection error,http://feeds.huffingtonpost.com/c/35496/f/677564/s/4c17c37e/sc/7/l/0L0Shuffingtonpost0N0Ctodd0Er0Emiller0Cthe0E970Esolution0Eto0Egun0Evi0Ib0I8741260A0Bhtml0Dutm0Ihp0Iref0Fcrime0Gir0FCrime/story01.htm
Connection error,http://feeds.reuters.com/~r/news/wealth/~3/_FD9mIUy528/story01.htm
Connection error,http://feeds.reuters.com/~r/reuters/topNews/~3/vwz2_c-H18E/story01.htm
Connection error,http://feeds.huffingtonpost.com/c/35496/f/677538/s/4bf45fd2/sc/38/l/0L0Shuffingtonpost0N0C20A150C120C0A20Csan0Ebernardino0Emass0Eshooting0In0I870A150A0A0Bhtml0Dutm0Ihp0Iref0Fpolitics0Gir0FPolitics/story01.htm
Connection error,http://feeds.huffingtonpost.com/c/35496/f/677612/s/4c396383/sc/7/l/0L0Shuffingtonpost0N0Clarry0Ediller0Ccompulsory0Evoting0Ein0Eaust0I10Ib0I877890A40Bhtml0Dutm0Ihp0Iref0Fworld0Gir0FWorldPost/story01.htm
Connection error,http://feeds.reuters.com/~r/reuters/topNews/~3/YM-WDDGZmqc/story01.htm
Connection error,http://feeds.huffingtonpost.com/c/35496/f/677564/s/4c103365/sc/7/l/0L0Shuffingtonpost0N0Cthe0Econversation0Eus0Cdo0Egun0Epurchases0Ego0Eup0Eaf0Ib0I8740A2260Bhtml0Dutm0Ihp0Iref0Fcrime0Gir0FCrime/story01.htm
Connection error,http://feeds.huffingtonpost.com/c/35496/f/677538/s/4bfc46dc/sc/7/l/0L0Shuffingtonpost0N0C20A150C120C0A30Conion0Earticle0Eshootings0In0I87140A50A0Bhtml0Dutm0Ihp0Iref0Fpolitics0Gir0FPolitics/story01.htm
Connection error,http://feeds.huffingtonpost.com/c/35496/f/677538/s/4bf4473a/sc/7/l/0L0Shuffingtonpost0N0C20A150C120C0A20Cobama0Egun0Eviolence0In0I870A140A80Bhtml0Dutm0Ihp0Iref0Fpolitics0Gir0FPolitics/story01.htm
Connection error,http://www.cbsnews.com/videos/mock-mass-shooting-event-planned-in-texas/
Connection error,http://feeds.reuters.com/~r/reuters/USVideoTopNews/~3/o4tCTE66uDU/story01.htm
Connection error,http://feeds.huffingtonpost.com/c/35496/f/677538/s/4bfa1e98/sc/7/l/0L0Shuffingtonpost0N0C20A150C120C0A30Cpaul0Eryan0Emental0Eillness0Emass0Eshootings0In0I870A88340Bhtml0Dutm0Ihp0Iref0Fpolitics0Gir0FPolitics/story01.htm
Connection error,http://feeds.reuters.com/~r/reuters/topNews/~3/wUk-xSYtAdw/story01.htm
Connection error,http://feeds.huffingtonpost.com/c/35496/f/677564/s/4c181cb9/sc/24/l/0L0Shuffingtonpost0N0Cmarianne0Ekuzujanakis0Cthe0Eother0Evictims0Ib0I87480A240Bhtml0Dutm0Ihp0Iref0Fcrime0Gir0FCrime/story01.htm
Connection error,http://feeds.reuters.com/~r/reuters/USVideoPolitics/~3/TEBFnS-crko/major-disagreements-hobble-congressional
Connection error,http://www.cbsnews.com/videos/presidential-candidates-respond-to-san-bernardino-massacre/
Connection error,http://feeds.huffingtonpost.com/c/35496/f/677081/s/4bf5d862/sc/7/l/0L0Shuffingtonpost0N0C20A150C120C0A20Cnew0Eyork0Edaily0Enews0Ecover0In0I870A43420Bhtml0Dutm0Ihp0Iref0Fmedia0Gir0FMedia/story01.htm
Connection error,http://feeds.huffingtonpost.com/c/35496/f/677538/s/4bf5db0a/sc/28/l/0L0Shuffingtonpost0N0C20A150C120C0A20Cpoliticians0Egun0Econtrol0Esan0Ebernardino0In0I870A43660Bhtml0Dutm0Ihp0Iref0Fpolitics0Gir0FPolitics/story01.htm
Connection error,http://feeds.huffingtonpost.com/c/35496/f/677564/s/4c013c09/sc/7/l/0L0Shuffingtonpost0N0Cjim0Ewallis0Cpray0Eyes0Ebut0Ethen0Eact0Ib0I87193420Bhtml0Dutm0Ihp0Iref0Fcrime0Gir0FCrime/story01.htm
Connection error,http://feeds.huffingtonpost.com/c/35496/f/677538/s/4c3131d9/sc/7/l/0L0Shuffingtonpost0N0C20A150C120C120Cpro0Egun0Egroup0Estages0Efake0Eshooting0Ein0Etexas0Eto0Epush0Efirearm0Erights0In0I879510A60Bhtml0Dutm0Ihp0Iref0Fpolitics0Gir0FPolitics/story01.htm
Timeout error,http://www.washingtonpost.com/sf/national/2015/12/05/after-a-mass-shooting-a-survivors-life/
Timeout error,http://www.seattletimes.com/nation-world/christmas-light-ammunition-on-list-found-at-suspects-home/?utm_source=RSS&utm_medium=Referral&utm_campaign=RSS_all
Timeout error,http://www.seattletimes.com/nation-world/for-3-killed-in-california-attack-u-s-was-refuge-from-fear/?utm_source=RSS&utm_medium=Referral&utm_campaign=RSS_all
Timeout error,http://www.seattletimes.com/business/economy/security-plans-unchanged-by-san-bernardino-shootings/?utm_source=RSS&utm_medium=Referral&utm_campaign=RSS_all
Timeout error,http://www.seattletimes.com/nation-world/nation-politics/obama-to-meet-with-san-bernardino-shooting-victims/?utm_source=RSS&utm_medium=Referral&utm_campaign=RSS_all
Timeout error,http://www.seattletimes.com/nation-world/multiple-people-shot-at-california-social-services-center/?utm_source=RSS&utm_medium=Referral&utm_campaign=RSS_all
Timeout error,http://www.seattletimes.com/seattle-news/crime/seattle-police-roll-out-special-protocol-after-california-shootings/?utm_source=RSS&utm_medium=Referral&utm_campaign=RSS_all
Timeout error,http://www.seattletimes.com/nation-world/the-latest-police-search-home-in-connection-to-shooting/?utm_source=RSS&utm_medium=Referral&utm_campaign=RSS_all
Timeout error,http://www.seattletimes.com/nation-world/watch-over-us-prayers-chaos-ensue-as-terror-hits-home/?utm_source=RSS&utm_medium=Referral&utm_campaign=RSS_all
Timeout error,http://www.seattletimes.com/nation-world/californias-strict-gun-laws-failed-to-stop-mass-shooting/?utm_source=RSS&utm_medium=Referral&utm_campaign=RSS_all
Timeout error,http://www.seattletimes.com/nation-world/us-reviewing-fiance-visa-program-after-shootings/?utm_source=RSS&utm_medium=Referral&utm_campaign=RSS_all
Timeout error,http://www.seattletimes.com/nation-world/nation-politics/trump-scraps-planned-trip-to-israel/?utm_source=RSS&utm_medium=Referral&utm_campaign=RSS_all
Timeout error,http://www.seattletimes.com/nation-world/planned-parenthood-shooting-case-stalls-for-mental-exam/?utm_source=RSS&utm_medium=Referral&utm_campaign=RSS_all
Timeout error,http://www.seattletimes.com/nation-world/virginia-district-cancels-school-over-islamic-lesson-anger/?utm_source=RSS&utm_medium=Referral&utm_campaign=RSS_all
Timeout error,http://www.seattletimes.com/opinion/living-in-fear-of-the-next-mass-shooting/?utm_source=RSS&utm_medium=Referral&utm_campaign=RSS_all
Timeout error,http://www.seattletimes.com/nation-world/obama-tennessee-teen-killed-shielding-girls-is-a-hero/?utm_source=RSS&utm_medium=Referral&utm_campaign=RSS_all
Timeout error,http://www.seattletimes.com/nation-world/the-latest-gop-presidential-candidates-meet-for-5th-debate/?utm_source=RSS&utm_medium=Referral&utm_campaign=RSS_all
Timeout error,http://www.seattletimes.com/seattle-news/crime/northwest-mosques-islamic-schools-get-tips-to-boost-safety/?utm_source=RSS&utm_medium=Referral&utm_campaign=RSS_all
Timeout error,http://www.seattletimes.com/nation-world/stories-of-those-who-died-in-the-mass-shooting-in-california/?utm_source=RSS&utm_medium=Referral&utm_campaign=RSS_all
Timeout error,http://www.seattletimes.com/seattle-news/only-12-freebies-olympia-fat-cats-stew-over-meal-limits/?utm_source=RSS&utm_medium=Referral&utm_campaign=RSS_all
Timeout error,http://www.seattletimes.com/nation-world/suit-challenges-removal-of-confederate-monuments/?utm_source=RSS&utm_medium=Referral&utm_campaign=RSS_all
