Timeout error,http://www.kansascity.com/news/business/national-international/article182902316.html#storylink=rss
Timeout error,http://www.kansascity.com/news/nation-world/national/article182934701.html#storylink=rss
Timeout error,http://www.miamiherald.com/news/nation-world/national/article182959546.html#storylink=rss
Timeout error,http://www.kansascity.com/news/nation-world/national/article182959546.html#storylink=rss
Timeout error,http://www.kansascity.com/news/nation-world/article182962796.html#storylink=rss
Connection error,http://feeds.reuters.com/~r/reuters/USVideoLatest/~3/ipSo-EbGkzg/gunman-massacres-at-least-26-people-in-t
Timeout error,http://www.kansascity.com/news/nation-world/article182972261.html#storylink=rss
Connection error,http://feeds.reuters.com/~r/reuters/USVideoLatest/~3/NCypKJWIVqk/trump-addresses-texas-shooting-from-japa
Timeout error,http://wire.kapitall.com/investment-idea/the-morning-hype-texas-shooting-more-earnings-and-bjorks-cryptocurrency/
Timeout error,http://www.miamiherald.com/entertainment/celebrities/article182978451.html#storylink=rss
Connection error,http://feeds.reuters.com/~r/Reuters/domesticNews/~3/isJT6R7SMWI/texas-church-gunman-sent-threatening-texts-to-in-laws-officials-say-idUSKBN1D510F
Connection error,http://feeds.reuters.com/~r/reuters/USVideoLatest/~3/Zx1v-UqX6VY/texas-gunman-sent-threatening-texts-to-m
Connection error,http://feeds.reuters.com/~r/reuters/USVideoLatest/~3/Zx1v-UqX6VY/texas-gunman-sent-threatening-texts-to-m
Timeout error,http://www.miamiherald.com/entertainment/celebrities/article183146511.html#storylink=rss
Timeout error,http://www.kansascity.com/news/nation-world/national/article183167166.html#storylink=rss
Timeout error,http://www.sacbee.com/news/nation-world/national/article183218316.html#storylink=rss
Timeout error,http://www.kansascity.com/news/nation-world/national/article183218316.html#storylink=rss
Timeout error,https://www.usnews.com/news/best-states/texas/articles/2017-11-06/holcomb-directs-flags-lowered-after-texas-church-shooting
Connection error,http://feeds.reuters.com/~r/reuters/companyNews/~3/eHD5pHm0dY4/guns-ammo-lumped-with-hospitals-greeting-cards-in-u-s-fund-filings-idUSL1N1ND141
Timeout error,http://podcast.mktw.net/wsj/audio/20171107/pod-wntopstories110717/pod-wntopstories110717.mp3
Connection error,https://www.cbsnews.com/videos/shots-fired-inside-baptist-church-in-texas-leaving-dozens-dead/
Timeout error,http://www.kansascity.com/news/nation-world/article183156536.html#storylink=rss
Connection error,http://feeds.reuters.com/~r/Reuters/domesticNews/~3/UHhj6I4WCHo/texas-church-gunman-escaped-mental-facility-in-2012-while-facing-court-martial-idUSKBN1D715Q
Timeout error,https://www.usnews.com/news/top-news/articles/2017-11-06/gunmans-in-laws-attended-texas-church-but-not-there-for-attack-sheriff
Connection error,http://feeds.reuters.com/~r/reuters/topNews/~3/n7pAC5AQfYc/fbi-may-have-lost-critical-time-unlocking-texas-shooters-iphone-idUSKBN1D833F
Timeout error,http://www.kansascity.com/news/nation-world/article183554331.html#storylink=rss
Timeout error,http://www.miamiherald.com/news/nation-world/article183554331.html#storylink=rss
Timeout error,http://www.kansascity.com/news/nation-world/article182972136.html#storylink=rss
Timeout error,http://www.kansascity.com/news/nation-world/article183611466.html#storylink=rss
Connection error,http://feeds.reuters.com/~r/reuters/topNews/~3/Jocrq2ngjaQ/pastor-may-demolish-texas-church-where-massacre-took-place-idUSKBN1D92WM
Timeout error,https://www.usnews.com/news/us/articles/2017-11-10/not-real-news-a-look-at-what-didnt-happen-this-week
Timeout error,https://www.usnews.com/news/best-states/texas/articles/2017-11-10/latest-food-pantry-resumes-near-texas-church-shooting-site
Timeout error,https://www.usnews.com/news/best-states/tennessee/articles/2017-11-06/rodney-crowell-kelsea-ballerini-honored-by-ascap
Timeout error,https://www.usnews.com/news/us/articles/2017-11-12/the-latest-texas-town-holds-1st-service-since-church-attack
Timeout error,http://www.sacbee.com/news/nation-world/article184208386.html#storylink=rss
Timeout error,http://www.kansascity.com/news/nation-world/article184195471.html#storylink=rss
Timeout error,http://www.miamiherald.com/news/nation-world/article184295653.html#storylink=rss
Timeout error,https://www.usnews.com/news/us/articles/2017-11-13/las-vegas-beefs-up-marathon-security-after-concert-attack
Timeout error,http://www.miamiherald.com/sports/article184297718.html#storylink=rss
Timeout error,http://www.kansascity.com/sports/article184297718.html#storylink=rss
Timeout error,https://www.usnews.com/news/best-states/texas/articles/2017-11-13/barbecue-ministry-raises-more-than-90k-for-shooting-victims
Connection error,http://feeds.reuters.com/~r/Reuters/domesticNews/~3/L6dmTNWt4I8/funeral-set-for-nine-family-members-killed-in-texas-church-shooting-idUSKBN1DF29Y
Timeout error,https://www.usnews.com/news/best-states/texas/articles/2017-11-15/the-latest-hundreds-line-up-for-texas-shooting-funeral
Timeout error,http://www.miamiherald.com/news/nation-world/article184853398.html#storylink=rss
Timeout error,https://www.usnews.com/news/best-states/nevada/articles/2017-11-16/vegas-officials-set-up-fund-for-services-after-mass-shooting
Connection error,https://www.cbsnews.com/videos/how-one-school-protected-its-students-from-a-mass-shooting/
Connection error,http://feeds.reuters.com/~r/reuters/companyNews/~3/7SpCMyn9ajM/hundreds-of-las-vegas-shooting-victims-file-lawsuits-in-california-court-idUSL8N1NQ6G1
Timeout error,http://www.miamiherald.com/news/business/article185680778.html#storylink=rss
Timeout error,https://www.usnews.com/news/best-states/nevada/articles/2017-11-21/q-a-donations-for-victims-of-the-las-vegas-mass-shooting
Timeout error,https://www.washingtonpost.com/blogs/erik-wemple/wp/2017/11/25/president-trumps-media-narcissism-declines-holiday-break/
Timeout error,https://www.usnews.com/news/best-states/nevada/articles/2017-11-25/man-who-survived-las-vegas-shooting-killed-in-hit-and-run
Connection error,http://feeds.reuters.com/~r/reuters/USVideoLatest/~3/f-co99U7Uws/australia-arrests-man-accused-of-plottin
Timeout error,https://www.usnews.com/news/sports/articles/2017-11-30/pats-guy-honors-vegas-shooting-victims-lost-baby-on-cleats
Timeout error,https://www.usnews.com/news/best-states/nevada/articles/2017-11-30/october-casino-revenue-flat-statewide-down-on-the-strip
Timeout error,http://www.miamiherald.com/news/business/article187422298.html#storylink=rss
Connection error,http://feeds.reuters.com/~r/reuters/USVideoLatest/~3/9NgB1QuFOIM/images-of-november
Timeout error,https://www.usnews.com/news/best-states/tennessee/articles/2017-12-04/chris-stapletons-bold-but-simple-plan-to-put-music-first
Timeout error,http://www.miamiherald.com/news/nation-world/article188046839.html#storylink=rss
Timeout error,http://www.sacbee.com/news/nation-world/article188046839.html#storylink=rss
Timeout error,https://www.usnews.com/news/us/articles/2017-12-05/us-justice-department-atf-to-decide-if-bump-stocks-are-prohibited
Connection error,http://feeds.reuters.com/~r/Reuters/domesticNews/~3/Fh36uHyobdI/u-s-justice-department-atf-to-decide-if-bump-stocks-are-prohibited-idUSKBN1DZ2U9
Timeout error,http://www.kansascity.com/news/politics-government/article188200749.html#storylink=rss
Connection error,http://feeds.reuters.com/~r/reuters/USVideoLatest/~3/9NgB1QuFOIM/images-of-november
Timeout error,http://www.kansascity.com/news/nation-world/article184061721.html#storylink=rss
Connection error,http://feeds.reuters.com/~r/Reuters/domesticNews/~3/AxRr2Hh3qAc/u-s-air-force-failed-to-report-dozens-of-cases-to-gun-database-idUSKBN1DS2W1
Connection error,http://feeds.reuters.com/~r/reuters/topNews/~3/XxlYXAh7bys/air-force-error-helped-texas-church-shooter-buy-guns-idUSKBN1D715Q
Timeout error,http://www.kansascity.com/news/nation-world/article182972131.html#storylink=rss
Timeout error,http://www.sacbee.com/news/nation-world/article184061721.html#storylink=rss
Timeout error,http://www.sacbee.com/news/nation-world/article182864216.html#storylink=rss
Connection error,http://feeds.reuters.com/~r/Reuters/domesticNews/~3/80M-HSXlvRc/family-strife-threats-preceded-texas-church-massacre-by-former-u-s-airman-idUSKBN1D510F
Timeout error,http://www.kansascity.com/news/nation-world/article186946138.html#storylink=rss
Timeout error,https://www.usnews.com/news/us/articles/2017-11-28/us-air-force-failed-to-report-dozens-of-cases-to-gun-database
Connection error,http://feeds.reuters.com/~r/reuters/topNews/~3/d88GmmYDkKE/air-force-error-let-texas-gunman-buy-weapons-for-church-massacre-idUSKBN1D510F
Timeout error,http://www.miamiherald.com/news/nation-world/article184061721.html#storylink=rss
Timeout error,http://www.kansascity.com/news/nation-world/article182968501.html#storylink=rss
Connection error,http://feeds.reuters.com/~r/reuters/USVideoLatest/~3/f-co99U7Uws/australia-arrests-man-accused-of-plottin
Timeout error,https://www.usnews.com/news/best-states/ohio/articles/2017-11-16/ohio-man-arrested-for-shooting-threats-at-casino-church
Connection error,http://feeds.reuters.com/~r/Reuters/domesticNews/~3/_m8htLi0pSM/lapse-in-background-check-database-allowed-texan-church-gunman-to-buy-weapons-pentagon-idUSKBN1D715Q
Timeout error,http://www.miamiherald.com/news/nation-world/article182864216.html#storylink=rss
Connection error,http://feeds.reuters.com/~r/Reuters/PoliticsNews/~3/g_E_L7Eu0WM/trump-hits-out-at-uks-may-over-criticism-of-sharing-far-right-videos-idUSKBN1DU0PN
Connection error,http://feeds.reuters.com/~r/reuters/USVideoLatest/~3/NCypKJWIVqk/trump-addresses-texas-shooting-from-japa
Timeout error,http://www.miamiherald.com/news/nation-world/article184195471.html#storylink=rss
Timeout error,https://www.usnews.com/news/us/articles/2017-11-15/funeral-set-for-nine-family-members-killed-in-texas-church-shooting
Timeout error,https://www.usnews.com/news/best-states/texas/articles/2017-11-12/barbeque-hauls-in-donations-for-church-shooting-victims
Timeout error,https://www.usnews.com/news/best-states/texas/articles/2017-11-07/authorities-victims-range-from-18-months-to-77-years-old
Timeout error,https://www.usnews.com/news/best-states/connecticut/articles/2017-11-14/the-latest-court-hears-appeal-in-newtown-shooting-case
Timeout error,https://www.usnews.com/news/top-news/articles/2017-11-05/trump-expresses-grief-for-victims-of-texas-mass-shooting
Timeout error,http://www.sfgate.com/news/education/article/Washington-state-man-pleads-not-guilty-to-church-12387868.php
Timeout error,https://www.usnews.com/news/best-states/washington/articles/2017-11-28/washington-state-man-pleads-not-guilty-to-church-threats
Timeout error,http://www.miamiherald.com/news/nation-world/article186799863.html#storylink=rss
Timeout error,http://www.kansascity.com/news/nation-world/article183237026.html#storylink=rss
Timeout error,http://www.kansascity.com/news/local/article182765071.html#storylink=rss
Timeout error,http://www.sacbee.com/news/nation-world/national/article182959546.html#storylink=rss
Timeout error,http://www.kansascity.com/news/nation-world/article186799863.html#storylink=rss
Connection error,http://feeds.reuters.com/~r/Reuters/worldNews/~3/DxkssnsyBPA/trump-sparks-outrage-in-uk-with-tweet-to-may-after-sharing-far-right-videos-idUSKBN1DU0PN
Timeout error,https://www.usnews.com/news/best-states/michigan/articles/2017-11-08/michigan-senate-oks-concealed-guns-in-schools-churches
Timeout error,http://www.kansascity.com/news/nation-world/national/article183195426.html#storylink=rss
Timeout error,http://www.miamiherald.com/news/nation-world/national/article183195426.html#storylink=rss
Timeout error,https://www.usnews.com/news/top-news/articles/2017-11-08/fbi-may-have-lost-critical-time-unlocking-texas-shooters-iphone
Timeout error,https://www.usnews.com/news/top-news/articles/2017-11-05/why-here-ask-residents-of-small-texas-town-after-massacre
Timeout error,http://www.sacbee.com/latest-news/article182959546.html#storylink=rss
Timeout error,https://www.usnews.com/news/best-states/nevada/articles/2017-11-26/las-vegas-shooting-survivors-share-tears-hugs-over-meal
Timeout error,http://www.sacbee.com/latest-news/article186639923.html#storylink=rss
Timeout error,https://www.usnews.com/news/best-states/texas/articles/2017-11-06/s-carolina-man-upset-by-similar-name-with-texas-suspect
Timeout error,http://www.sacbee.com/opinion/editorials/article184873028.html#storylink=rss
Timeout error,http://www.sacbee.com/opinion/op-ed/article183213961.html#storylink=rss
Timeout error,https://www.usnews.com/news/best-states/texas/articles/2017-11-06/texas-church-attack-leaves-26-dead-small-community-reeling
Timeout error,http://www.sacbee.com/latest-news/article182902316.html#storylink=rss
Timeout error,http://www.sacbee.com/news/business/article187422298.html#storylink=rss
Timeout error,https://www.usnews.com/news/best-states/nevada/articles/2017-11-10/vegas-shooting-memorial-to-become-part-of-museum-collection
Timeout error,https://money.usnews.com/investing/news/articles/2017-11-07/guns-ammo-lumped-with-hospitals-greeting-cards-in-us-fund-filings
Timeout error,https://www.usnews.com/news/top-news/articles/2017-11-07/lapse-in-background-check-database-allowed-texan-church-gunman-to-buy-weapons-pentagon
Timeout error,https://www.usnews.com/news/us/articles/2017-11-20/hundreds-of-las-vegas-shooting-victims-file-lawsuits-in-california-court
Timeout error,http://www.sacbee.com/news/article182972261.html#storylink=rss
Timeout error,http://www.sacbee.com/news/article183157641.html#storylink=rss
Timeout error,https://www.usnews.com/news/best-states/michigan/articles/2017-11-28/city-to-host-informational-meeting-on-church-shootings
Timeout error,http://www.sacbee.com/news/nation-world/article183554331.html#storylink=rss
Timeout error,https://www.usnews.com/news/top-news/articles/2017-11-09/us-air-force-could-face-liability-in-texas-shooting-legal-experts
Timeout error,http://www.sacbee.com/entertainment/celebrities/article182978451.html#storylink=rss
Connection error,http://feeds.reuters.com/~r/Reuters/domesticNews/~3/JVl1aMyu4jY/a-texas-school-is-devastated-by-church-shooting-idUSKBN1D901Z
Timeout error,https://www.usnews.com/news/best-states/texas/articles/2017-11-06/church-gunman-was-court-martialed-discharged-from-air-force
Timeout error,http://www.sacbee.com/latest-news/article186229268.html#storylink=rss
Timeout error,http://www.sacbee.com/news/nation-world/article184853398.html#storylink=rss
Timeout error,https://www.usnews.com/news/best-states/tennessee/articles/2017-11-20/tim-mcgraw-and-faith-hill-find-harmony-on-first-duets-record
Timeout error,http://www.sacbee.com/news/politics-government/article188200749.html#storylink=rss
Timeout error,http://www.sacbee.com/news/local/crime/article184322523.html#storylink=rss
Timeout error,https://www.usnews.com/news/best-states/texas/articles/2017-11-07/trump-says-tougher-gun-laws-not-answer-after-texas-shooting
Timeout error,https://www.usnews.com/news/best-states/michigan/articles/2017-11-11/bills-proposed-to-protect-michigan-domestic-violence-victims
Timeout error,http://www.sacbee.com/opinion/california-forum/article185197488.html#storylink=rss
Timeout error,https://www.usnews.com/news/us/articles/2017-11-07/texas-massacre-is-seized-on-by-both-sides-in-gun-debate
Timeout error,https://www.usnews.com/news/best-states/nevada/articles/2017-11-23/sheriff-las-vegas-shooting-gunman-fired-over-1-100-rounds
Timeout error,http://www.sacbee.com/opinion/article187322338.html#storylink=rss
Timeout error,https://www.usnews.com/news/best-states/new-york/articles/2017-11-08/the-latest-pence-meets-families-of-church-shooting-victims
Timeout error,https://www.usnews.com/news/best-states/nevada/articles/2017-11-28/some-vegas-shooting-victims-want-donation-plan-revised
Timeout error,http://www.sacbee.com/news/nation-world/article182962796.html#storylink=rss
Timeout error,https://www.usnews.com/news/us/articles/2017-11-08/a-texas-school-is-devastated-by-church-shooting
Timeout error,https://www.usnews.com/news/best-states/nevada/articles/2017-11-14/jason-aldean-says-he-hopes-for-healing-after-vegas-shooting
Timeout error,https://www.usnews.com/news/best-states/california/articles/2017-11-05/texas-church-attack-the-latest-us-mass-shooting
Timeout error,https://www.usnews.com/news/best-states/nevada/articles/2017-11-30/prosecutors-group-pushes-ag-to-enforce-background-check-law
Timeout error,https://www.usnews.com/news/us/articles/2017-11-12/texas-church-members-gather-for-1st-time-since-attack
Timeout error,https://www.usnews.com/news/us/articles/2017-11-15/las-vegas-shooting-lawsuits-stack-up-with-14-more-filed
Timeout error,https://www.usnews.com/news/us/articles/2017-11-26/man-who-survived-las-vegas-massacre-killed-on-nevada-highway
Timeout error,https://www.usnews.com/news/entertainment/articles/2017-11-09/cma-awards-highlighted-by-political-emotional-moments
Timeout error,https://www.usnews.com/news/top-news/articles/2017-11-09/pastor-may-demolish-texas-church-where-massacre-took-place
Timeout error,http://www.sacbee.com/opinion/letters-to-the-editor/article186122018.html#storylink=rss
Timeout error,http://www.sacbee.com/entertainment/celebrities/article186003448.html#storylink=rss
Timeout error,http://www.sacbee.com/opinion/article182883046.html#storylink=rss
Timeout error,http://www.miamiherald.com/news/nation-world/article182959911.html#storylink=rss
Timeout error,http://www.miamiherald.com/news/nation-world/article183237026.html#storylink=rss
Timeout error,http://www.miamiherald.com/news/nation-world/national/article183297191.html#storylink=rss
Timeout error,http://www.miamiherald.com/news/nation-world/article183611466.html#storylink=rss
Timeout error,http://www.miamiherald.com/news/business/article183456196.html#storylink=rss
Timeout error,http://www.miamiherald.com/news/nation-world/national/article183167166.html#storylink=rss
Timeout error,http://www.miamiherald.com/latest-news/article184208386.html#storylink=rss
Timeout error,http://www.miamiherald.com/news/politics-government/article185068463.html#storylink=rss
Timeout error,http://www.miamiherald.com/news/politics-government/article186001008.html#storylink=rss
Timeout error,http://www.miamiherald.com/news/politics-government/article187191208.html#storylink=rss
Timeout error,http://www.miamiherald.com/news/politics-government/article188200749.html#storylink=rss
Timeout error,https://www.usnews.com/news/best-states/texas/articles/2017-11-07/texas-church-gunman-had-run-ins-with-the-law-before-shooting
Timeout error,https://www.usnews.com/news/national-news/articles/2017-11-06/shooting-in-texas-leaves-26-dead
Connection error,http://feeds.reuters.com/~r/reuters/topNews/~3/GoBpVEXlZ8A/multiple-deaths-in-shooting-at-texas-church-gunman-dead-local-media-idUSKBN1D510F
Connection error,http://feeds.reuters.com/~r/reuters/topNews/~3/lR_BB9cgEcY/many-reported-dead-after-gunman-opens-fire-at-texas-church-idUSKBN1D510F
Timeout error,https://www.usnews.com/news/national-news/articles/2017-11-09/senate-recommends-for-lifetime-judgeships-two-lawyers-the-aba-deems-not-qualified
Connection error,http://feeds.reuters.com/~r/Reuters/domesticNews/~3/CHT-X1Uhr4I/u-s-justice-department-considers-possible-bump-stocks-ban-idUSKBN1DZ2U9
Timeout error,http://www.ledger-enquirer.com/news/nation-world/national/article182908246.html
Timeout error,https://www.usnews.com/news/us/articles/2017-11-06/gov-abbott-suggests-connection-between-gunman-texas-church
Connection error,http://feeds.reuters.com/~r/reuters/topNews/~3/UvdPR664bZs/gunman-opens-fire-at-texas-church-killing-at-least-20-idUSKBN1D510F
Connection error,http://feeds.reuters.com/~r/reuters/companyNews/~3/7SpCMyn9ajM/hundreds-of-las-vegas-shooting-victims-file-lawsuits-in-california-court-idUSL8N1NQ6G1
Connection error,http://feeds.reuters.com/~r/reuters/companyNews/~3/eHD5pHm0dY4/guns-ammo-lumped-with-hospitals-greeting-cards-in-u-s-fund-filings-idUSL1N1ND141
Connection error,http://feeds.reuters.com/~r/Reuters/domesticNews/~3/b3DXyeHxUHc/man-who-survived-las-vegas-massacre-killed-on-nevada-highway-idUSKBN1DQ0TR
Connection error,http://feeds.reuters.com/~r/reuters/USVideoLatest/~3/ipSo-EbGkzg/gunman-massacres-at-least-26-people-in-t
Connection error,http://feeds.reuters.com/~r/Reuters/domesticNews/~3/80M-HSXlvRc/family-strife-threats-preceded-texas-church-massacre-by-former-u-s-airman-idUSKBN1D510F
Timeout error,http://www.sacbee.com/opinion/editorials/article183809616.html#storylink=rss
Timeout error,https://www.usnews.com/news/national-news/articles/2017-11-07/how-the-ar-15-assault-rifle-became-one-of-the-most-popular-guns-in-america
Connection error,http://feeds.reuters.com/~r/Reuters/domesticNews/~3/_m8htLi0pSM/lapse-in-background-check-database-allowed-texan-church-gunman-to-buy-weapons-pentagon-idUSKBN1D715Q
Connection error,http://feeds.reuters.com/~r/Reuters/domesticNews/~3/isJT6R7SMWI/texas-church-gunman-sent-threatening-texts-to-in-laws-officials-say-idUSKBN1D510F
Connection error,http://feeds.reuters.com/~r/Reuters/domesticNews/~3/Pq6_jdMHIEs/fbi-may-have-lost-critical-time-unlocking-texas-shooters-iphone-idUSKBN1D833F
Timeout error,https://www.seattletimes.com/nation-world/nation-politics/trump-calls-church-shooting-act-of-evil/?utm_source=RSS&utm_medium=Referral&utm_campaign=RSS_all
Timeout error,https://www.seattletimes.com/nation-world/texas-church-attack-leaves-26-dead-small-community-reeling/?utm_source=RSS&utm_medium=Referral&utm_campaign=RSS_all
Timeout error,https://www.seattletimes.com/nation-world/nation-politics/trump-says-tougher-gun-laws-not-answer-after-texas-shooting/?utm_source=RSS&utm_medium=Referral&utm_campaign=RSS_all
Timeout error,https://www.seattletimes.com/nation-world/pence-abbott-attend-vigil-for-victims-of-church-shooting/?utm_source=RSS&utm_medium=Referral&utm_campaign=RSS_all
Timeout error,https://www.seattletimes.com/opinion/editorials/gun-laws-make-america-safer/?utm_source=RSS&utm_medium=Referral&utm_campaign=RSS_all
Timeout error,https://www.seattletimes.com/nation-world/nation-politics/bills-proposed-to-protect-michigan-domestic-violence-victims/?utm_source=RSS&utm_medium=Referral&utm_campaign=RSS_all
Timeout error,https://www.seattletimes.com/nation-world/raiders-to-break-ground-on-65000-seat-stadium-in-las-vegas/?utm_source=RSS&utm_medium=Referral&utm_campaign=RSS_all
Timeout error,https://www.seattletimes.com/nation-world/barbecue-ministry-raises-more-than-90k-for-shooting-victims/?utm_source=RSS&utm_medium=Referral&utm_campaign=RSS_all
Timeout error,https://www.seattletimes.com/nation-world/ohio-man-arrested-for-shooting-threats-at-casino-church/?utm_source=RSS&utm_medium=Referral&utm_campaign=RSS_all
Timeout error,https://www.seattletimes.com/nation-world/arkansas-university-student-arrested-on-explosives-charge/?utm_source=RSS&utm_medium=Referral&utm_campaign=RSS_all
Timeout error,https://www.seattletimes.com/nation-world/sheriff-las-vegas-shooting-gunman-fired-over-1100-rounds/?utm_source=RSS&utm_medium=Referral&utm_campaign=RSS_all
Timeout error,https://www.seattletimes.com/nation-world/police-kill-gunman-with-hostage-in-reno-condo/?utm_source=RSS&utm_medium=Referral&utm_campaign=RSS_all
Timeout error,https://www.seattletimes.com/nation-world/imagine-dragons-others-to-pay-tribute-to-las-vegas/?utm_source=RSS&utm_medium=Referral&utm_campaign=RSS_all
Timeout error,https://www.seattletimes.com/nation-world/texas-massacre-is-seized-on-by-both-sides-in-gun-debate/?utm_source=RSS&utm_medium=Referral&utm_campaign=RSS_all
Timeout error,https://www.seattletimes.com/nation-world/mass-shootings-prompt-college-to-drop-mascots-name-shooter/?utm_source=RSS&utm_medium=Referral&utm_campaign=RSS_all
Timeout error,https://www.seattletimes.com/nation-world/man-who-survived-las-vegas-shooting-killed-in-hit-and-run/?utm_source=RSS&utm_medium=Referral&utm_campaign=RSS_all
Timeout error,https://www.seattletimes.com/nation-world/south-dakota-church-hosts-security-training-for-area-leaders/?utm_source=RSS&utm_medium=Referral&utm_campaign=RSS_all
Timeout error,https://www.seattletimes.com/sports/pats-guy-honors-vegas-shooting-victims-lost-baby-on-cleats/?utm_source=RSS&utm_medium=Referral&utm_campaign=RSS_all
Timeout error,https://www.seattletimes.com/nation-world/fund-for-las-vegas-shooting-victims-to-stop-taking-donations/?utm_source=RSS&utm_medium=Referral&utm_campaign=RSS_all
Timeout error,https://www.seattletimes.com/nation-world/8-children-among-those-killed-in-church-massacre/?utm_source=RSS&utm_medium=Referral&utm_campaign=RSS_all
Timeout error,https://www.seattletimes.com/nation-world/survivors-of-1991-texas-restaurant-massacre-still-face-grief/?utm_source=RSS&utm_medium=Referral&utm_campaign=RSS_all
Timeout error,https://www.seattletimes.com/nation-world/tiny-texas-town-turns-inward-in-wake-of-mass-shooting/?utm_source=RSS&utm_medium=Referral&utm_campaign=RSS_all
Timeout error,https://www.seattletimes.com/nation-world/las-vegas-shooting-survivors-share-tears-hugs-over-meal/?utm_source=RSS&utm_medium=Referral&utm_campaign=RSS_all
Timeout error,https://www.seattletimes.com/nation-world/australian-police-allege-man-planned-new-years-eve-attack/?utm_source=RSS&utm_medium=Referral&utm_campaign=RSS_all
Timeout error,https://www.seattletimes.com/nation-world/how-do-you-give-thanks-after-experiencing-so-much-sadness/?utm_source=RSS&utm_medium=Referral&utm_campaign=RSS_all
Timeout error,https://www.seattletimes.com/nation-world/holcomb-directs-flags-lowered-after-texas-church-shooting/?utm_source=RSS&utm_medium=Referral&utm_campaign=RSS_all
Timeout error,https://www.seattletimes.com/nation-world/jason-aldean-says-he-hopes-for-healing-after-vegas-shooting/?utm_source=RSS&utm_medium=Referral&utm_campaign=RSS_all
Timeout error,https://www.seattletimes.com/nation-world/las-vegas-shooting-lawsuits-stack-up-with-14-more-filed-2/?utm_source=RSS&utm_medium=Referral&utm_campaign=RSS_all
Timeout error,https://www.seattletimes.com/opinion/letters-to-the-editor/gun-control-readers-weigh-in/?utm_source=RSS&utm_medium=Referral&utm_campaign=RSS_all
Timeout error,https://www.seattletimes.com/business/mgm-meets-3q-profit-forecasts/?utm_source=RSS&utm_medium=Referral&utm_campaign=RSS_all
Timeout error,https://www.usnews.com/news/us/articles/2017-12-05/us-justice-department-atf-to-decide-if-bump-stocks-are-prohibited
Connection error,http://feeds.reuters.com/~r/Reuters/domesticNews/~3/Fh36uHyobdI/u-s-justice-department-atf-to-decide-if-bump-stocks-are-prohibited-idUSKBN1DZ2U9
Timeout error,http://www.kansascity.com/news/politics-government/article188200749.html#storylink=rss
Timeout error,http://www.ledger-enquirer.com/news/nation-world/article188726579.html#storylink=rss
Timeout error,http://www.ledger-enquirer.com/news/nation-world/national/article188743659.html#storylink=rss
Timeout error,http://www.miamiherald.com/news/state/florida/article188770384.html#storylink=rss
Timeout error,https://www.usnews.com/news/best-states/nevada/articles/2017-12-08/major-funding-boost-for-las-vegas-security-on-new-years-eve
Timeout error,http://www.miamiherald.com/news/nation-world/article188806559.html#storylink=rss
Timeout error,http://www.kansascity.com/news/nation-world/article188806559.html#storylink=rss
Timeout error,http://www.ledger-enquirer.com/news/nation-world/article188806559.html#storylink=rss
Connection error,http://feeds.reuters.com/~r/Reuters/domesticNews/~3/AJnuzAuvUTs/new-mexico-school-gunman-was-ex-student-investigated-by-fbi-idUSKBN1E22UR
Timeout error,https://www.usnews.com/news/best-states/nevada/articles/2017-12-11/comment-period-ends-on-victims-fund-distribution-guidelines
Connection error,http://feeds.reuters.com/~r/reuters/topNews/~3/hp92taUlJCk/five-years-after-sandy-hook-u-s-gun-control-advocates-switch-strategy-idUSKBN1E617Q
Timeout error,https://www.usnews.com/news/best-states/nevada/articles/2017-12-12/henderson-university-opens-disaster-life-support-center
Timeout error,http://www.ledger-enquirer.com/news/politics-government/national-politics/article189693509.html#storylink=rss
Timeout error,https://www.usnews.com/news/best-states/maryland/articles/2017-12-14/sheriff-backs-proposal-to-allow-guns-in-maryland-churches
Connection error,http://www.cbsnews.com/videos/white-house-press-secretary-sarah-huckabee-sanders-not-aware-of-measures-to-prevent-mass-shootings/
Timeout error,http://www.ledger-enquirer.com/news/nation-world/article190101254.html#storylink=rss
Timeout error,http://www.kansascity.com/news/nation-world/article188721619.html#storylink=rss
Timeout error,http://www.miamiherald.com/news/nation-world/article188721619.html#storylink=rss
Timeout error,https://www.usnews.com/news/best-states/nevada/articles/2017-12-21/officials-to-build-database-to-aid-vegas-shooting-victims
Timeout error,http://www.miamiherald.com/latest-news/article191154974.html#storylink=rss
Timeout error,http://www.kansascity.com/news/local/article191483069.html#storylink=rss
Timeout error,http://www.ledger-enquirer.com/opinion/op-ed/sound-off/article191227724.html#storylink=rss
Timeout error,https://health.usnews.com/health-care/articles/2017-12-26/new-research-probes-the-criminal-mind
Timeout error,http://www.ledger-enquirer.com/entertainment/article191731389.html#storylink=rss
Timeout error,https://www.billboard.com/articles/news/concerts/8085437/vegas-strong-benefit-concert-raises-700000-for-victims-of-las-vegas-shooting
Timeout error,http://www.miamiherald.com/opinion/editorials/article191899264.html#storylink=rss
Timeout error,https://www.usnews.com/news/best-states/south-carolina/articles/2017-12-28/some-s-carolina-troopers-bringing-their-own-rifles-to-work
Timeout error,http://www.ledger-enquirer.com/news/business/article191911729.html#storylink=rss
Timeout error,http://www.miamiherald.com/news/business/article191911729.html#storylink=rss
Timeout error,https://www.usnews.com/news/best-states/virginia/articles/2017-12-29/pastor-provides-trauma-seminars-for-law-enforcers
Timeout error,http://www.ledger-enquirer.com/news/nation-world/article192293549.html#storylink=rss
Timeout error,http://www.kansascity.com/news/nation-world/article192352034.html#storylink=rss
Timeout error,http://www.ledger-enquirer.com/news/nation-world/article192352034.html#storylink=rss
Timeout error,http://www.ledger-enquirer.com/entertainment/article192364584.html#storylink=rss
Timeout error,https://www.usnews.com/news/best-states/new-york/articles/2017-12-31/ap-photos-new-years-eve-observances-around-the-world
Timeout error,http://www.miamiherald.com/entertainment/celebrities/article192364584.html#storylink=rss
Timeout error,https://www.usnews.com/news/best-states/nevada/articles/2018-01-01/police-report-handful-of-arrests-in-vegas-new-years-eve
Timeout error,http://www.ledger-enquirer.com/news/politics-government/national-politics/article192665089.html#storylink=rss
Timeout error,https://www.usnews.com/news/best-states/nevada/articles/2018-01-03/las-vegas-shooting-victims-can-now-apply-for-financial-help
Timeout error,http://www.miamiherald.com/entertainment/celebrities/article193076319.html#storylink=rss
Timeout error,http://www.kansascity.com/entertainment/article193076319.html#storylink=rss
Timeout error,https://www.usnews.com/news/top-news/articles/2017-12-19/south-carolina-capital-poised-to-be-first-us-city-to-ban-gun-bump-stocks
Timeout error,http://www.ledger-enquirer.com/news/politics-government/national-politics/article193075324.html#storylink=rss
Connection error,http://www.cbsnews.com/videos/are-school-shooting-drills-effective/
Timeout error,http://www.sacbee.com/entertainment/celebrities/article193076319.html#storylink=rss
Timeout error,http://www.sacbee.com/latest-news/article190198569.html#storylink=rss
Timeout error,https://www.usnews.com/news/best-states/nevada/articles/2017-12-30/las-vegas-police-2-security-guards-killed-at-hotel-casino
Timeout error,https://www.usnews.com/news/us/articles/2017-12-21/ap-poll-sexual-misconduct-allegations-voted-top-news-story
Timeout error,https://www.usnews.com/news/best-states/nevada/articles/2017-12-21/coroner-gunfire-killed-all-58-victims-in-las-vegas-shooting
Timeout error,http://www.sacbee.com/news/politics-government/article188200749.html#storylink=rss
Timeout error,https://www.usnews.com/news/best-states/connecticut/articles/2017-12-11/mass-shootings-arent-more-frequent-but-they-are-deadlier
Timeout error,http://www.sacbee.com/opinion/california-forum/article191318569.html#storylink=rss
Timeout error,https://www.usnews.com/news/best-states/florida/articles/2017-12-14/florida-students-exchange-letters-with-sandy-hook-teacher
Timeout error,https://www.usnews.com/news/best-states/arizona/articles/2018-01-05/memorial-construction-to-mark-tucson-shooting-anniversary
Timeout error,https://www.usnews.com/news/business/articles/2017-12-31/thousands-to-ring-in-2018-in-las-vegas-under-tight-security
Timeout error,http://www.sacbee.com/news/nation-world/article190101254.html#storylink=rss
Timeout error,https://www.usnews.com/news/best-states/nevada/articles/2017-12-08/vegas-shooting-survivors-thank-first-responders-with-baskets
Timeout error,https://www.usnews.com/news/best-states/nevada/articles/2017-12-30/the-latest-guards-were-investigating-disturbance-when-shot
Timeout error,http://www.ledger-enquirer.com/news/business/article190967834.html#storylink=rss
Timeout error,http://www.miamiherald.com/news/politics-government/article188200749.html#storylink=rss
Timeout error,http://www.miamiherald.com/news/business/article188310029.html#storylink=rss
Timeout error,https://www.usnews.com/news/top-news/articles/2017-12-12/five-years-after-sandy-hook-us-gun-control-advocates-switch-strategy
Timeout error,http://www.miamiherald.com/news/nation-world/national/article191479839.html#storylink=rss
Too Many Redirects,http://rssfeeds.azcentral.com/~/513474612/0/phoenix/nation~Your-definitive-guide-to-A-year-of-hope-and-horror/
Timeout error,http://www.miamiherald.com/news/politics-government/national-politics/article193075324.html#storylink=rss
Timeout error,http://www.sacbee.com/opinion/california-forum/article192656849.html#storylink=rss
Timeout error,http://www.kansascity.com/news/politics-government/national-politics/article193075324.html#storylink=rss
Timeout error,https://www.usnews.com/news/best-states/arkansas/articles/2018-01-03/ex-student-at-john-brown-accused-in-explosives-threat
Timeout error,http://www.kansascity.com/news/politics-government/national-politics/article192665089.html#storylink=rss
Timeout error,https://www.usnews.com/news/best-states/colorado/articles/2018-01-02/westchester-county-bans-guns-shows-on-public-property
Timeout error,https://www.usnews.com/news/best-states/colorado/articles/2018-01-01/4-deputies-wounded-1-dead-in-colorado-attack
Timeout error,http://www.sacbee.com/news/nation-world/article192434239.html#storylink=rss
Timeout error,http://www.kansascity.com/news/nation-world/article192434239.html#storylink=rss
Connection error,http://feeds.reuters.com/~r/reuters/topNews/~3/_eqbFsIcrmM/south-carolina-capital-poised-to-be-first-u-s-city-to-ban-gun-bump-stocks-idUSKBN1ED17B
Connection error,http://www.cbsnews.com/videos/when-thoughts-and-prayers-replaces-gun-policy/
Connection error,http://feeds.reuters.com/~r/Reuters/domesticNews/~3/CHT-X1Uhr4I/u-s-justice-department-considers-possible-bump-stocks-ban-idUSKBN1DZ2U9
Timeout error,https://www.seattletimes.com/seattle-news/crime/authorities-looking-for-gunman-in-burlington/
Timeout error,http://www.miamiherald.com/news/local/education/article189261704.html#storylink=rss
Connection error,http://feeds.reuters.com/~r/reuters/topNews/~3/hp92taUlJCk/five-years-after-sandy-hook-u-s-gun-control-advocates-switch-strategy-idUSKBN1E617Q
Timeout error,https://www.seattletimes.com/nation-world/coroner-gunfire-killed-all-58-victims-in-las-vegas-shooting/
Too Many Redirects,http://rssfeeds.usatoday.com/~/513474612/0/usatoday-newstopstories~Your-definitive-guide-to-A-year-of-hope-and-horror/
Timeout error,https://www.seattletimes.com/seattle-news/politics/after-all-the-mass-shootings-whats-congress-answer-make-gun-laws-looser/?utm_source=RSS&utm_medium=Referral&utm_campaign=RSS_all
Timeout error,https://www.seattletimes.com/nation-world/florida-police-officer-who-saved-shooting-victim-losing-job/?utm_source=RSS&utm_medium=Referral&utm_campaign=RSS_all
Timeout error,https://www.seattletimes.com/nation-world/mass-shootings-arent-more-frequent-but-they-are-deadlier/?utm_source=RSS&utm_medium=Referral&utm_campaign=RSS_all
Timeout error,https://www.seattletimes.com/nation-world/henderson-university-opens-disaster-life-support-center/?utm_source=RSS&utm_medium=Referral&utm_campaign=RSS_all
Timeout error,https://www.seattletimes.com/nation-world/santa-fe-educators-and-students-face-unsettling-reality/?utm_source=RSS&utm_medium=Referral&utm_campaign=RSS_all
Timeout error,https://www.seattletimes.com/nation-world/sheriff-backs-proposal-to-allow-guns-in-maryland-churches/?utm_source=RSS&utm_medium=Referral&utm_campaign=RSS_all
Timeout error,https://www.seattletimes.com/nation-world/plan-released-for-dividing-money-to-vegas-shooting-victims/?utm_source=RSS&utm_medium=Referral&utm_campaign=RSS_all
Timeout error,https://www.seattletimes.com/nation-world/south-carolina-capital-city-bans-bump-stock-rifle-attachment/?utm_source=RSS&utm_medium=Referral&utm_campaign=RSS_all
Timeout error,https://www.seattletimes.com/nation-world/ap-poll-sexual-misconduct-allegations-voted-top-news-story/?utm_source=RSS&utm_medium=Referral&utm_campaign=RSS_all
Timeout error,https://www.seattletimes.com/nation-world/ap-newsalert-152/?utm_source=RSS&utm_medium=Referral&utm_campaign=RSS_all
Timeout error,https://www.seattletimes.com/seattle-news/ralph-carney-saxophonist-for-tom-waits-dies-in-portland/?utm_source=RSS&utm_medium=Referral&utm_campaign=RSS_all
Timeout error,https://www.seattletimes.com/nation-world/pastor-provides-trauma-seminars-for-law-enforcers/?utm_source=RSS&utm_medium=Referral&utm_campaign=RSS_all
Timeout error,https://www.seattletimes.com/nation-world/las-vegas-police-2-security-guards-killed-at-hotel-casino/?utm_source=RSS&utm_medium=Referral&utm_campaign=RSS_all
Timeout error,https://www.seattletimes.com/business/thousands-to-ring-in-2018-in-las-vegas-under-tight-security/?utm_source=RSS&utm_medium=Referral&utm_campaign=RSS_all
Timeout error,https://www.seattletimes.com/nation-world/4-deputies-wounded-1-dead-in-colorado-attack/?utm_source=RSS&utm_medium=Referral&utm_campaign=RSS_all
Timeout error,https://www.seattletimes.com/nation-world/police-report-handful-of-arrests-in-vegas-new-years-eve/?utm_source=RSS&utm_medium=Referral&utm_campaign=RSS_all
Timeout error,https://www.seattletimes.com/nation-world/westchester-county-bans-guns-shows-on-public-property/?utm_source=RSS&utm_medium=Referral&utm_campaign=RSS_all
Timeout error,https://www.seattletimes.com/nation-world/officials-shooters-widow-knew-he-would-do-something-bad/?utm_source=RSS&utm_medium=Referral&utm_campaign=RSS_all
Timeout error,https://www.seattletimes.com/nation-world/comment-period-ends-on-victims-fund-distribution-guidelines/?utm_source=RSS&utm_medium=Referral&utm_campaign=RSS_all
Timeout error,https://www.seattletimes.com/nation-world/sandy-hook-massacre-continues-to-haunt-families-neighbors-5-years-later/?utm_source=RSS&utm_medium=Referral&utm_campaign=RSS_all
Timeout error,https://www.seattletimes.com/nation-world/deputies-down-after-being-called-to-suburban-denver-scene/?utm_source=RSS&utm_medium=Referral&utm_campaign=RSS_all
Timeout error,https://www.seattletimes.com/nation-world/colorado-authorities-were-warned-about-gunmans-mental-state/?utm_source=RSS&utm_medium=Referral&utm_campaign=RSS_all
Timeout error,https://www.seattletimes.com/nation-world/memorial-construction-to-mark-tucson-shooting-anniversary/?utm_source=RSS&utm_medium=Referral&utm_campaign=RSS_all
Timeout error,https://www.seattletimes.com/nation-world/high-school-rifle-teams-take-aim-at-scholarships-olympics/?utm_source=RSS&utm_medium=Referral&utm_campaign=RSS_all
Timeout error,https://www.seattletimes.com/nation-world/major-funding-boost-for-las-vegas-security-on-new-years-eve/?utm_source=RSS&utm_medium=Referral&utm_campaign=RSS_all
Timeout error,https://www.seattletimes.com/nation-world/after-shootings-safety-training-set-for-alabama-churches/?utm_source=RSS&utm_medium=Referral&utm_campaign=RSS_all
Timeout error,https://www.seattletimes.com/nation-world/man-sentenced-in-fatal-shooting-near-university-of-illinois/?utm_source=RSS&utm_medium=Referral&utm_campaign=RSS_all
Timeout error,https://www.seattletimes.com/nation-world/2017-in-review-disruption-despair-and-dumpster-fires/?utm_source=RSS&utm_medium=Referral&utm_campaign=RSS_all
Timeout error,https://www.seattletimes.com/nation-world/las-vegas-strip-casinos-see-revenue-drop-2-months-straight/?utm_source=RSS&utm_medium=Referral&utm_campaign=RSS_all
Timeout error,https://www.seattletimes.com/nation-world/mayor-complaint-led-to-pulse-heros-dismissal-from-force/?utm_source=RSS&utm_medium=Referral&utm_campaign=RSS_all
Timeout error,http://www.ledger-enquirer.com/news/business/article193507274.html#storylink=rss
Connection error,http://feeds.reuters.com/~r/reuters/companyNews/~3/pX8BE1Qf0BU/update-2-fbi-chief-calls-unbreakable-encryption-urgent-public-safety-issue-idUSL1N1P40QF
Timeout error,https://www.usnews.com/news/best-states/nevada/articles/2018-01-09/tourism-agency-fewer-visitors-came-to-las-vegas-in-2017
Timeout error,http://www.miamiherald.com/news/business/article194272299.html#storylink=rss
Timeout error,http://www.kansascity.com/news/business/national-international/article194272299.html#storylink=rss
Timeout error,http://www.kansascity.com/news/business/national-international/article194301804.html#storylink=rss
Timeout error,http://www.miamiherald.com/news/business/article194301804.html#storylink=rss
Timeout error,http://www.kansascity.com/news/nation-world/article194510679.html#storylink=rss
Timeout error,http://www.ledger-enquirer.com/news/nation-world/article194510679.html#storylink=rss
Timeout error,http://www.miamiherald.com/news/nation-world/article194510679.html#storylink=rss
Timeout error,http://www.ledger-enquirer.com/news/nation-world/article194332349.html#storylink=rss
Timeout error,http://www.kansascity.com/news/nation-world/article194332349.html#storylink=rss
Timeout error,http://www.miamiherald.com/news/nation-world/article194332349.html#storylink=rss
Timeout error,http://www.sacbee.com/news/nation-world/article194332349.html#storylink=rss
Connection error,http://feeds.reuters.com/~r/reuters/topNews/~3/96DMUtLW4Lw/las-vegas-gunman-emailed-about-bump-stocks-months-before-rampage-documents-idUSKBN1F205F
Connection error,http://feeds.reuters.com/~r/reuters/topNews/~3/96DMUtLW4Lw/las-vegas-gunman-emailed-about-bump-stocks-months-before-rampage-documents-idUSKBN1F205F
Timeout error,http://www.miamiherald.com/news/nation-world/article194927819.html#storylink=rss
Timeout error,https://www.usnews.com/news/best-states/ohio/articles/2018-01-09/teen-pleads-no-contest-to-conspiracy-charge-in-school-threat
Timeout error,http://www.miamiherald.com/news/nation-world/national/article195081449.html#storylink=rss
Timeout error,https://www.usnews.com/news/best-states/nevada/articles/2018-01-17/donation-period-for-las-vegas-victims-fund-closing-soon
Timeout error,https://www.usnews.com/news/best-states/new-york/articles/2018-01-18/country-stars-from-vegas-festival-to-perform-grammy-tribute
Timeout error,http://www.ledger-enquirer.com/entertainment/article195290089.html#storylink=rss
Timeout error,http://www.miamiherald.com/news/nation-world/article195585124.html#storylink=rss
Timeout error,http://www.kansascity.com/news/nation-world/article195532804.html#storylink=rss
Timeout error,http://www.miamiherald.com/news/nation-world/article195532804.html#storylink=rss
Timeout error,http://www.ledger-enquirer.com/entertainment/article195532804.html#storylink=rss
Timeout error,https://www.usnews.com/news/best-states/nevada/articles/2018-01-19/the-latest-no-motive-uncovered-for-las-vegas-mass-shooting
Timeout error,http://www.miamiherald.com/news/nation-world/article195504909.html#storylink=rss
Timeout error,https://www.usnews.com/news/best-states/alabama/articles/2018-01-21/after-tragedy-family-embraces-hope-in-mourning-3-year-old
Timeout error,https://www.usnews.com/news/us/articles/2018-01-24/kentucky-community-grapples-with-cause-of-school-shooting
Timeout error,https://www.usnews.com/news/best-states/kentucky/articles/2018-01-25/the-latest-school-shooting-suspect-to-get-juvenile-hearing
Timeout error,http://www.miamiherald.com/news/nation-world/article196587714.html#storylink=rss
Timeout error,https://www.usnews.com/news/best-states/nevada/articles/2018-01-26/judge-delays-ruling-on-release-of-las-vegas-shooting-records
Timeout error,https://www.usnews.com/news/best-states/nevada/articles/2018-01-26/judge-to-rule-whether-to-unseal-las-vegas-shooting-warrants
Connection error,http://feeds.reuters.com/~r/reuters/USVideoLatest/~3/PwN022sBEdg/las-vegas-shooting-victim-makes-miraculo
Timeout error,http://www.ledger-enquirer.com/news/politics-government/national-politics/article197028719.html#storylink=rss
Timeout error,https://www.usnews.com/news/best-states/massachusetts/articles/2018-01-28/police-ask-bump-stock-owners-to-surrender-devices-before-ban
Timeout error,http://www.kansascity.com/entertainment/article197149179.html#storylink=rss
Timeout error,http://www.miamiherald.com/entertainment/celebrities/article197149179.html#storylink=rss
Timeout error,https://www.usnews.com/news/best-states/nevada/articles/2018-01-28/the-latest-grammys-pay-tribute-to-vegas-manchester-victims
Timeout error,https://www.usnews.com/news/entertainment/articles/2018-01-28/country-artists-deliver-tribute-to-concert-attack-victims
Timeout error,http://www.ledger-enquirer.com/news/politics-government/national-politics/article197157589.html#storylink=rss
Timeout error,http://www.ledger-enquirer.com/opinion/letters-to-the-editor/article197260389.html#storylink=rss
Timeout error,http://www.kansascity.com/news/nation-world/article197411939.html#storylink=rss
Timeout error,http://www.miamiherald.com/news/nation-world/article197411939.html#storylink=rss
Timeout error,http://www.miamiherald.com/news/business/article197541744.html#storylink=rss
Timeout error,http://www.sacbee.com/news/nation-world/national/article197542624.html#storylink=rss
Connection error,http://feeds.reuters.com/~r/reuters/sportsNews/~3/4R9WLF8TGfs/super-bowl-security-team-ready-for-anything-idUSKBN1FK3DX
Connection error,http://feeds.reuters.com/~r/reuters/sportsNews/~3/4R9WLF8TGfs/super-bowl-security-team-ready-for-anything-idUSKBN1FK3DX
Timeout error,http://www.sacbee.com/news/business/article197541744.html#storylink=rss
Timeout error,http://www.kansascity.com/news/business/national-international/article197541744.html#storylink=rss
Timeout error,http://www.kansascity.com/news/nation-world/article197548339.html#storylink=rss
Timeout error,http://www.ledger-enquirer.com/news/business/article198067004.html#storylink=rss
Timeout error,http://www.kansascity.com/news/business/national-international/article198067004.html#storylink=rss
Timeout error,http://www.kansascity.com/news/nation-world/article198000369.html#storylink=rss
Connection error,http://feeds.reuters.com/~r/Reuters/domesticNews/~3/077Dsyn0COM/man-charged-over-armor-piercing-bullet-sale-to-las-vegas-gunman-idUSKBN1FN01N
Connection error,http://feeds.reuters.com/~r/Reuters/domesticNews/~3/kv1_d_gt5Vk/power-to-the-polls-womens-march-2-0-aims-to-harness-trump-opposition-idUSKBN1F90MO
Timeout error,https://www.usnews.com/news/best-states/nevada/articles/2018-01-31/the-latest-seller-of-ammo-to-vegas-shooter-didnt-know-plan
Timeout error,https://www.usnews.com/news/best-states/arizona/articles/2018-02-02/ammo-dealer-to-comment-on-experience-with-las-vegas-gunman
Timeout error,https://www.usnews.com/news/best-states/arizona/articles/2018-02-02/the-latest-ammo-dealer-vegas-gunman-raised-no-suspicions
Timeout error,https://www.usnews.com/news/best-states/louisiana/articles/2018-01-29/new-orleans-newest-anti-crime-cams-feature-blue-red-lights
Timeout error,https://www.usnews.com/news/best-states/nevada/articles/2018-01-30/the-latest-judges-order-las-vegas-shooting-records-unsealed
Timeout error,https://www.usnews.com/news/best-states/virginia/articles/2018-02-01/bond-denied-for-foreign-student-held-on-weapons-charge
Timeout error,http://www.ledger-enquirer.com/entertainment/article197149939.html#storylink=rss
Timeout error,http://www.ledger-enquirer.com/entertainment/article197154484.html#storylink=rss
Timeout error,http://www.ledger-enquirer.com/entertainment/article197156434.html#storylink=rss
Timeout error,https://www.usnews.com/news/us/articles/2018-01-23/gun-industry-gathers-just-a-few-miles-from-mass-shooting
Timeout error,https://www.usnews.com/news/best-states/articles/2018-01-11/as-robert-e-lees-birthday-approaches-cities-continue-to-remove-confederate-memorials
Timeout error,http://www.ledger-enquirer.com/news/politics-government/national-politics/article194766989.html#storylink=rss
Timeout error,https://www.usnews.com/news/best-states/nevada/articles/2018-01-12/the-latest-some-fbi-documents-unsealed-in-vegas-shooting
Timeout error,http://www.sacbee.com/news/nation-world/article195585124.html#storylink=rss
Timeout error,http://www.sacbee.com/latest-news/article198000369.html#storylink=rss
Timeout error,https://www.usnews.com/news/best-states/nevada/articles/2018-01-24/report-confusion-diverted-vegas-shooting-victims-from-umc
Timeout error,http://www.sacbee.com/news/nation-world/article197548339.html#storylink=rss
Timeout error,https://www.usnews.com/news/best-states/washington/articles/2018-01-15/senate-committee-hears-testimony-on-gun-control-bills
Timeout error,https://www.usnews.com/news/best-states/nevada/articles/2018-01-16/lawyer-charges-possible-in-connection-with-vegas-shooting
Timeout error,https://www.usnews.com/news/best-states/nevada/articles/2018-01-19/timeline-offers-look-at-vegas-shooters-moves-not-a-motive
Timeout error,http://www.sacbee.com/news/nation-world/article196587714.html#storylink=rss
Timeout error,https://www.usnews.com/news/best-states/arizona/articles/2018-01-05/memorial-construction-to-mark-tucson-shooting-anniversary
Timeout error,http://www.sacbee.com/news/nation-world/article194510679.html#storylink=rss
Timeout error,https://www.usnews.com/news/best-states/nevada/articles/2018-01-19/the-latest-timeline-offers-look-at-vegas-shooters-moves
Timeout error,http://www.sacbee.com/news/nation-world/article197411939.html#storylink=rss
Timeout error,https://www.usnews.com/news/best-states/pennsylvania/articles/2018-01-20/violent-attacks-on-calls-prompt-more-emts-to-get-body-armor
Timeout error,https://www.usnews.com/news/best-states/nevada/articles/2018-01-30/judge-in-las-vegas-being-asked-to-unseal-shooting-autopsies
Timeout error,https://www.usnews.com/news/us/articles/2018-01-31/arizona-man-says-he-sold-ammunition-to-las-vegas-shooter
Timeout error,http://www.miamiherald.com/news/politics-government/national-politics/article197157589.html#storylink=rss
Timeout error,http://www.miamiherald.com/entertainment/celebrities/article197156434.html#storylink=rss
Timeout error,https://www.usnews.com/news/top-news/articles/2018-01-21/in-womens-march-finale-las-vegas-rally-kicks-off-voter-drive
Timeout error,http://www.kansascity.com/news/politics-government/national-politics/article197157589.html#storylink=rss
Timeout error,http://www.kansascity.com/news/politics-government/article195666469.html#storylink=rss
Timeout error,https://www.usnews.com/news/business/articles/2018-02-05/cities-and-states-take-the-lead-on-banning-bump-stocks
Timeout error,https://www.usnews.com/news/best-states/washington/articles/2018-01-17/bump-stock-ban-passes-committee
Timeout error,http://www.sacbee.com/entertainment/celebrities/article197156434.html#storylink=rss
Timeout error,http://www.miamiherald.com/news/politics-government/national-politics/article194766989.html#storylink=rss
Timeout error,https://www.usnews.com/news/best-states/new-hampshire/articles/2018-01-27/committee-recommends-further-study-of-bump-stock-ban
Timeout error,https://www.usnews.com/news/best-states/new-york/articles/2018-01-28/the-latest-grammys-feature-clinton-cameo-in-trump-book-bit
Timeout error,http://www.kansascity.com/news/state/kansas/article193340009.html#storylink=rss
Timeout error,http://www.kansascity.com/entertainment/article197156434.html#storylink=rss
Timeout error,https://www.usnews.com/news/best-states/nevada/articles/2018-01-19/women-will-march-again-with-aim-to-become-a-political-force
Timeout error,http://www.miamiherald.com/news/nation-world/article197995549.html#storylink=rss
Timeout error,https://www.usnews.com/news/best-states/arkansas/articles/2018-01-19/new-documents-give-detail-into-arkansas-nightclub-shooting
Timeout error,http://www.kansascity.com/news/nation-world/article198224814.html#storylink=rss
Timeout error,https://www.usnews.com/news/best-states/virginia/articles/2018-01-29/virginia-house-panel-blocks-bump-stock-ban
Timeout error,https://www.usnews.com/news/entertainment/articles/2018-01-29/clinton-cabello-and-monae-provide-grammys-political-moments
Timeout error,https://www.usnews.com/news/best-states/new-hampshire/articles/2018-02-01/senate-sends-bump-stock-ban-bill-to-interim-study
Timeout error,http://www.kansascity.com/news/nation-world/article194325814.html#storylink=rss
Timeout error,http://www.miamiherald.com/news/nation-world/article194325814.html#storylink=rss
Timeout error,https://www.usnews.com/news/world/articles/2018-02-05/trump-to-speed-up-us-arms-sales-by-reducing-oversight-sources-say
Connection error,http://feeds.reuters.com/~r/Reuters/domesticNews/~3/I_z6jwNePU4/in-womens-march-finale-las-vegas-rally-kicks-off-voter-drive-idUSKBN1FA15F
Connection error,http://feeds.reuters.com/~r/Reuters/domesticNews/~3/A2L5FOheLwc/las-vegas-shooters-girlfriend-wont-face-charges-sheriff-idUSKBN1F82EJ
Connection error,http://feeds.reuters.com/~r/Reuters/domesticNews/~3/077Dsyn0COM/man-charged-over-armor-piercing-bullet-sale-to-las-vegas-gunman-idUSKBN1FN01N
Connection error,http://feeds.reuters.com/~r/reuters/entertainment/~3/xkRZ333HzFM/tears-in-heaven-as-grammy-performers-remember-las-vegas-victims-idUSKBN1FI07X
Timeout error,http://www.sacbee.com/latest-news/article193837379.html#storylink=rss
Timeout error,https://www.seattletimes.com/nation-world/officials-shooters-widow-knew-he-would-do-something-bad/?utm_source=RSS&utm_medium=Referral&utm_campaign=RSS_all
Timeout error,https://www.seattletimes.com/nation-world/tax-collections-for-raiders-stadium-down-after-shooting/?utm_source=RSS&utm_medium=Referral&utm_campaign=RSS_all
Timeout error,https://www.seattletimes.com/nation-world/police-to-issue-report-on-response-to-newtown-shooting/?utm_source=RSS&utm_medium=Referral&utm_campaign=RSS_all
Timeout error,https://www.seattletimes.com/nation-world/virginia-panel-votes-down-push-for-stricter-gun-laws/?utm_source=RSS&utm_medium=Referral&utm_campaign=RSS_all
Timeout error,https://www.seattletimes.com/nation-world/sheriff-to-provide-update-about-las-vegas-mass-shooting-case/?utm_source=RSS&utm_medium=Referral&utm_campaign=RSS_all
Timeout error,https://www.seattletimes.com/nation-world/women-will-march-again-with-aim-to-become-a-political-force/?utm_source=RSS&utm_medium=Referral&utm_campaign=RSS_all
Timeout error,https://www.seattletimes.com/nation-world/governor-1-dead-many-wounded-in-kentucky-school-shooting/?utm_source=RSS&utm_medium=Referral&utm_campaign=RSS_all
Timeout error,https://www.seattletimes.com/nation-world/report-confusion-diverted-vegas-shooting-victims-from-umc/?utm_source=RSS&utm_medium=Referral&utm_campaign=RSS_all
Timeout error,https://www.seattletimes.com/nation-world/kentucky-community-grapples-with-cause-of-school-shooting/?utm_source=RSS&utm_medium=Referral&utm_campaign=RSS_all
Timeout error,https://www.seattletimes.com/seattle-news/politics/dead-end-gun-arguments-are-the-sound-of-society-giving-up/?utm_source=RSS&utm_medium=Referral&utm_campaign=RSS_all
Timeout error,https://www.seattletimes.com/nation-world/clinton-cabello-and-monae-provide-grammys-political-moments/?utm_source=RSS&utm_medium=Referral&utm_campaign=RSS_all
Timeout error,https://www.seattletimes.com/nation-world/virginia-house-panel-blocks-bump-stock-ban/?utm_source=RSS&utm_medium=Referral&utm_campaign=RSS_all
Timeout error,https://www.seattletimes.com/nation-world/judge-in-las-vegas-being-asked-to-unseal-shooting-autopsies/?utm_source=RSS&utm_medium=Referral&utm_campaign=RSS_all
Timeout error,https://www.seattletimes.com/seattle-news/live-updates-from-trumps-state-of-the-union-address-tuesday-night/?utm_source=RSS&utm_medium=Referral&utm_campaign=RSS_all
Timeout error,https://www.seattletimes.com/nation-world/memorial-construction-to-mark-tucson-shooting-anniversary/?utm_source=RSS&utm_medium=Referral&utm_campaign=RSS_all
Timeout error,https://www.seattletimes.com/nation-world/teen-pleads-no-contest-to-conspiracy-charge-in-school-threat/?utm_source=RSS&utm_medium=Referral&utm_campaign=RSS_all
Timeout error,https://www.seattletimes.com/nation-world/us-army-challenging-nickname-of-nhls-las-vegas-franchise/?utm_source=RSS&utm_medium=Referral&utm_campaign=RSS_all
Timeout error,https://www.seattletimes.com/nation-world/us-judge-to-hear-bid-to-unseal-las-vegas-shooting-warrants/?utm_source=RSS&utm_medium=Referral&utm_campaign=RSS_all
Timeout error,https://www.seattletimes.com/nation-world/lawyer-charges-possible-in-connection-with-vegas-shooting/?utm_source=RSS&utm_medium=Referral&utm_campaign=RSS_all
Timeout error,https://www.seattletimes.com/business/gun-industry-gathers-just-a-few-miles-from-mass-shooting/?utm_source=RSS&utm_medium=Referral&utm_campaign=RSS_all
Timeout error,https://www.seattletimes.com/nation-world/arizona-woman-shot-in-las-vegas-shooting-to-leave-hospital/?utm_source=RSS&utm_medium=Referral&utm_campaign=RSS_all
Timeout error,https://www.seattletimes.com/nation-world/arizona-man-says-he-sold-ammunition-to-las-vegas-shooter/?utm_source=RSS&utm_medium=Referral&utm_campaign=RSS_all
Timeout error,https://www.seattletimes.com/nation-world/senate-sends-bump-stock-ban-bill-to-interim-study/?utm_source=RSS&utm_medium=Referral&utm_campaign=RSS_all
Timeout error,https://www.seattletimes.com/nation-world/ex-virginia-tech-student-to-go-on-trial-in-girls-killing/?utm_source=RSS&utm_medium=Referral&utm_campaign=RSS_all
Timeout error,https://www.seattletimes.com/nation-world/death-takes-a-toll-bill-helps-first-responders-with-ptsd/?utm_source=RSS&utm_medium=Referral&utm_campaign=RSS_all
Timeout error,https://www.seattletimes.com/nation-world/timeline-offers-look-at-vegas-shooters-moves-not-a-motive/?utm_source=RSS&utm_medium=Referral&utm_campaign=RSS_all
Timeout error,https://www.seattletimes.com/nation-world/security-increased-at-jackson-browne-concert-after-threat/?utm_source=RSS&utm_medium=Referral&utm_campaign=RSS_all
Timeout error,https://www.seattletimes.com/nation-world/virginia-tech-student-charged-with-illegal-gun-possession/?utm_source=RSS&utm_medium=Referral&utm_campaign=RSS_all
Timeout error,https://www.seattletimes.com/nation-world/vegas-casinos-revenue-grows-in-2017-despite-fewer-visitors/?utm_source=RSS&utm_medium=Referral&utm_campaign=RSS_all
Timeout error,https://www.seattletimes.com/nation-world/hotel-company-las-vegas-gunman-had-interactions-with-staff/?utm_source=RSS&utm_medium=Referral&utm_campaign=RSS_all
Timeout error,https://www.seattletimes.com/life/food-drink/salumi-cafe-racer-and-other-familiar-restaurants-have-new-owners-heres-what-to-expect/?utm_source=RSS&utm_medium=Referral&utm_campaign=RSS_all
Timeout error,https://www.seattletimes.com/nation-world/bond-denied-for-foreign-student-held-on-weapons-charge/?utm_source=RSS&utm_medium=Referral&utm_campaign=RSS_all
Timeout error,https://www.seattletimes.com/nation-world/kansas-lawmaker-wants-abandoning-a-guns-to-be-criminal/?utm_source=RSS&utm_medium=Referral&utm_campaign=RSS_all
