Timeout error,https://www.miamiherald.com/news/article221190805.html#storylink=rss
Timeout error,https://www.sacbee.com/news/business/article221187550.html#storylink=rss
Timeout error,https://www.miamiherald.com/news/business/article221187550.html#storylink=rss
Timeout error,https://www.usnews.com/news/best-states/california/articles/2018-11-07/man-charged-in-deadly-la-store-standoff-expected-in-court
Timeout error,https://www.kansascity.com/latest-news/article221339240.html#storylink=rss
Timeout error,https://www.kansascity.com/news/nation-world/article221341110.html#storylink=rss
Connection error,http://feeds.reuters.com/~r/Reuters/domesticNews/~3/4pTRVSKNLwo/trump-briefed-on-california-shooting-says-fbi-on-scene-twitter-idUSKBN1ND1UW
Connection error,http://feeds.reuters.com/~r/Reuters/domesticNews/~3/4pTRVSKNLwo/trump-briefed-on-california-shooting-says-fbi-on-scene-twitter-idUSKBN1ND1UW
Connection error,http://feeds.reuters.com/~r/Reuters/domesticNews/~3/KS8SZ5omjfo/gunman-kills-12-including-deputy-in-crowded-california-bar-idUSKCN1ND16I
Timeout error,https://www.sacbee.com/news/state/california/article221349440.html#storylink=rss
Connection error,http://feeds.reuters.com/~r/Reuters/domesticNews/~3/4ZZEzMDBNPg/sheriff-says-12-killed-in-shooting-spree-in-california-bar-idUSKCN1ND16I
Connection error,http://feeds.reuters.com/~r/Reuters/domesticNews/~3/Y-3DV2qcUHw/sheriffs-deputy-11-others-killed-in-shooting-spree-in-california-bar-idUSKCN1ND16I
Timeout error,https://www.sacbee.com/entertainment/celebrities/article221339270.html#storylink=rss
Timeout error,https://www.ledger-enquirer.com/entertainment/article221339270.html#storylink=rss
Timeout error,https://www.sacbee.com/news/state/california/article221370585.html#storylink=rss
Timeout error,https://www.ledger-enquirer.com/news/nation-world/national/article221363165.html#storylink=rss
Timeout error,https://www.ledger-enquirer.com/news/nation-world/national/article221362260.html#storylink=rss
Timeout error,https://www.miamiherald.com/news/nation-world/national/article221363165.html#storylink=rss
Timeout error,https://www.kansascity.com/news/nation-world/national/article221362260.html#storylink=rss
Timeout error,https://www.usnews.com/news/best-states/california/articles/2018-11-08/some-of-the-most-recent-deadly-us-mass-shootings
Timeout error,https://www.sacbee.com/latest-news/article221376930.html#storylink=rss
Connection error,http://feeds.reuters.com/~r/Reuters/domesticNews/~3/72tRFmR4rxY/ex-marine-apparently-acted-alone-in-california-bar-shooting-fbi-idUSKCN1ND16I
Timeout error,https://www.sacbee.com/news/business/article221355855.html#storylink=rss
Timeout error,https://www.miamiherald.com/news/politics-government/national-politics/article221373130.html#storylink=rss
Timeout error,https://www.ledger-enquirer.com/news/politics-government/national-politics/article221373130.html#storylink=rss
Connection error,http://feeds.reuters.com/~r/Reuters/domesticNews/~3/--rWJcfZBWU/hundreds-line-up-to-donate-blood-after-california-bar-shooting-idUSKCN1ND3BK
Timeout error,https://www.usnews.com/news/best-states/california/articles/2018-11-08/the-latest-southern-california-wildfire-evacuations-ordered
Timeout error,https://www.usnews.com/news/top-news/articles/2018-11-08/hundreds-line-up-to-donate-blood-after-california-bar-shooting
Timeout error,https://www.ledger-enquirer.com/news/nation-world/article221374785.html#storylink=rss
Timeout error,https://www.ledger-enquirer.com/news/nation-world/article221394220.html#storylink=rss
Connection error,http://feeds.reuters.com/~r/reuters/sportsNews/~3/90gjhWtgxzo/nfl-notebook-qb-mccown-to-start-for-jets-idUSKCN1NE09R
Connection error,http://feeds.reuters.com/~r/Reuters/domesticNews/~3/_tAQ-v-4-S8/we-all-just-trampled-california-bar-shooting-survivor-recalls-idUSKCN1NE0AO
Timeout error,https://www.usnews.com/news/best-states/california/articles/2018-11-08/the-latest-hundreds-gather-at-vigil-after-mass-shooting
Timeout error,https://www.usnews.com/news/us/articles/2018-11-08/some-survivors-of-bar-shooting-also-lived-through-vegas
Timeout error,https://www.miamiherald.com/sports/article221402785.html#storylink=rss
Timeout error,https://www.usnews.com/news/top-news/articles/2018-11-08/we-all-just-trampled-california-bar-shooting-survivor-recalls
Connection error,http://feeds.reuters.com/~r/Reuters/domesticNews/~3/72tRFmR4rxY/ex-marine-apparently-acted-alone-in-california-bar-shooting-fbi-idUSKCN1ND16I
Connection error,http://feeds.reuters.com/~r/reuters/sportsNews/~3/90gjhWtgxzo/nfl-notebook-qb-mccown-to-start-for-jets-idUSKCN1NE09R
Timeout error,https://www.ledger-enquirer.com/sports/article221402995.html#storylink=rss
Timeout error,https://www.usnews.com/news/us/articles/2018-11-09/a-year-apart-some-country-music-fans-face-2-mass-shootings
Connection error,http://feeds.reuters.com/~r/Reuters/domesticNews/~3/tonftD6dGpg/fbi-hopes-to-learn-what-drove-ex-marine-to-kill-12-in-california-bar-idUSKCN1NE161
Connection error,http://feeds.reuters.com/~r/reuters/environment/~3/fWyEqhEHDWA/three-fast-moving-california-blazes-cause-thousands-to-flee-idUSKCN1NE0WQ
Connection error,http://feeds.reuters.com/~r/reuters/environment/~3/fWyEqhEHDWA/three-fast-moving-california-blazes-cause-thousands-to-flee-idUSKCN1NE0WQ
Timeout error,https://www.sacbee.com/news/nation-world/article221407065.html#storylink=rss
Timeout error,https://www.sacbee.com/news/nation-world/national/article221411515.html#storylink=rss
Timeout error,https://www.ledger-enquirer.com/news/nation-world/national/article221411515.html#storylink=rss
Timeout error,https://www.usnews.com/news/top-news/articles/2018-11-09/factbox-victims-of-the-california-bar-mass-shooting
Connection error,http://feeds.reuters.com/~r/reuters/topNews/~3/qa2qciJE1XU/grieving-after-shooting-california-city-threatened-by-wildfires-idUSKCN1NE161
Timeout error,https://www.foxsports.com/nfl/story/rams-cancel-practice-for-fire-20-players-coaches-evacuate-110918
Timeout error,https://www.ledger-enquirer.com/entertainment/article221404060.html#storylink=rss
Timeout error,https://www.kansascity.com/entertainment/article221404060.html#storylink=rss
Timeout error,https://www.sacbee.com/entertainment/celebrities/article221404060.html#storylink=rss
Connection error,http://feeds.reuters.com/~r/reuters/environment/~3/Y8yckgM2ZHs/california-town-in-shock-and-mourning-now-threatened-by-wildfire-idUSKCN1NE2K7
Timeout error,https://www.usnews.com/news/best-states/nevada/articles/2018-11-09/artist-at-vegas-memory-site-reflects-on-california-slayings
Timeout error,https://www.kansascity.com/news/business/national-international/article221407065.html#storylink=rss
Timeout error,https://www.ledger-enquirer.com/news/business/article221407065.html#storylink=rss
Timeout error,https://www.miamiherald.com/news/business/article221407065.html#storylink=rss
Timeout error,https://www.usnews.com/news/best-states/california/articles/2018-11-09/the-latest-some-affected-by-mass-shooting-also-flee-flames
Timeout error,https://www.miamiherald.com/news/nation-world/article221402000.html#storylink=rss
Timeout error,https://www.sacbee.com/news/nation-world/article221462400.html#storylink=rss
Timeout error,https://www.sacbee.com/latest-news/article221463325.html#storylink=rss
Timeout error,https://www.miamiherald.com/news/politics-government/election/article219143095.html
Timeout error,https://www.usnews.com/news/best-states/california/articles/2018-11-10/official-shooter-debated-sanity-online-during-bar-massacre
Timeout error,https://www.sacbee.com/news/nation-world/article221496535.html#storylink=rss
Timeout error,https://www.ledger-enquirer.com/news/nation-world/article221496535.html#storylink=rss
Timeout error,https://www.usnews.com/news/us/articles/2018-11-11/southern-californians-battered-by-wildfires-that-killed-2
Timeout error,https://www.miamiherald.com/news/nation-world/article221496535.html#storylink=rss
Timeout error,https://www.sacbee.com/news/business/article221500450.html#storylink=rss
Timeout error,https://www.ledger-enquirer.com/news/business/article221500450.html#storylink=rss
Timeout error,https://www.usnews.com/news/politics/articles/2018-11-11/democratic-wins-could-mean-state-action-on-health-care-guns
Connection error,http://www.startribune.com/politics/national/500230051.html
Connection error,https://www.foxnews.com/us/southern-california-wildfire-may-be-fueled-by-return-of-strong-gusty-santa-ana-winds
Connection error,http://www.sportingnews.com/us/nfl/news/nfl-monitoring-california-wildfire-smoke-conditions-chargers-rams-raiders-49ers-news/hiq4l1i1jd9o1vqpmdgca8tk5
Connection error,https://www.ocregister.com/2018/11/11/public-memorial-for-sgt-ron-helus-killed-as-he-strived-to-save-lives-during-borderline-shooting-planned-thursday/
Connection error,http://rssfeeds.cincinnati.com/~/579538932/0/cincinnati-home~aposFact-is-I-had-no-reason-to-do-itapos-Thousand-Oaks-gunman-posted-to-Instagram-during-massacre/
Connection error,http://rssfeeds.azcentral.com/~/579668930/0/phoenix/nation~Airplane-banner-denounces-Jetsapos-partnership-with-MGM/
Connection error,https://www.forbes.com/sites/brucelee/2018/11/11/how-doctors-responded-after-the-nra-said-stay-in-their-lane/
Connection error,https://www.usnews.com/news/sports/articles/2018-11-11/airplane-banner-denounces-jets-partnership-with-mgm
Connection error,https://www.cbsnews.com/feature/san-bernardino-mass-shooting/?ftag=MSF0951a18
Connection error,https://www.usnews.com/news/sports/articles/2018-11-11/the-latest-titans-casey-carries-flag-as-salute-to-service
Connection error,https://people.com/human-interest/robin-thicke-camille-grammer-lose-homes-california-fires-death-toll-23/
Connection error,http://rss.cnn.com/~r/rss/cnn_topstories/~3/RlY_6OWsKss/index.html
Connection error,http://www.startribune.com/sports/vikings/500232911.html
Connection error,https://nypost.com/2018/11/11/end-gun-violence-plane-banner-shames-jets-for-mgm-deal/
Connection error,http://www.espn.com/nfl/story/_/id/25242680/nfl-rejected-bids-los-angeles-rams-kansas-city-chiefs-play-week-10-denver-ahead-mexico-city-trip
Connection error,https://www.pbs.org/newshour/nation/southern-californians-battered-by-wildfires-that-killed-2
Connection error,https://www.mercurynews.com/2018/11/11/winds-again-fan-southern-californian-wildfire-that-killed-2/
Connection error,https://www.upi.com/Sports_News/NFL/2018/11/11/Rams-Chiefs-denied-in-bids-to-play-in-Denver-ahead-of-Mexico-City-tilt/3451541974495/
Connection error,http://rssfeeds.azcentral.com/~/579691620/0/phoenix/nation~What-we-know-about-California-wildfires-deaths-more-than-structures-destroyed/
Connection error,https://www.npr.org/2018/11/11/666727374/reporting-on-mass-shootings-a-familiar-heartbreaking-script?utm_medium=RSS&utm_campaign=national
Connection error,https://www.huffingtonpost.com/entry/california-fires-death-toll_us_5be8981fe4b0e84388993aae
Connection error,https://www.ocregister.com/2018/11/11/watching-flames-some-residents-refuse-to-evacuate-from-woolsey-fire/
Connection error,https://www.denverpost.com/2018/11/11/democratic-state-gains-2018-election/
Connection error,https://www.ocregister.com/2018/11/11/chargers-win-ugly-in-hazy-oakland-to-extend-winning-streak-to-six/
Connection error,https://www.huffingtonpost.com/entry/newspaper-buyout-offer-cites-capital-gazette-massacre_us_5be63790e4b0e8438897f66a
Connection error,http://rssfeeds.jsonline.com/~/579691620/0/milwaukee/home~What-we-know-about-California-wildfires-deaths-more-than-structures-destroyed/
Connection error,https://www.miamiherald.com/entertainment/celebrities/article221504300.html#storylink=rss
Connection error,http://rssfeeds.azcentral.com/~/579703576/0/phoenix/local~Survivors-of-California-shooting-wildfires-turn-to-faith-to-heal/
Connection error,http://www.espn.com/blog/los-angeles-rams/post/_/id/39298/after-tragic-week-in-l-a-rams-do-their-best-to-rally-the-community
Connection error,http://www.orlandosentinel.com/ct-nra-doctors-guns-20181111-story.html
Connection error,http://feeds.chicagotribune.com/~r/chicagotribune/horoscopes/~3/jNx6eeOvY6o/ct-nra-doctors-guns-20181111-story.html
Connection error,https://www.buzzfeednews.com/article/briannasacks/thousand-oaks-fire-borderline-shooting
Connection error,http://feedproxy.google.com/~r/baltimoresun/news/nation/rss2/~3/qCHEDmJuGeQ/ct-nra-doctors-guns-20181111-story.html
Connection error,http://rssfeeds.azcentral.com/~/579704308/0/phoenix/nation~Rams-make-late-defensive-stand-hold-off-Seahawks/
Connection error,http://feeds.chicagotribune.com/~r/chicagotribune/voiceofthepeople/~3/64UpPWfgj_4/ct-letters-mass-shooting-thousand-oaks-mental-health-20181109-story.html
Connection error,https://www.denverpost.com/2018/11/11/death-toll-rises-california-wildfires/
Connection error,https://www.newsweek.com/watch-jared-goff-uses-halle-berry-audible-actress-responds-1211132?utm_source=Public&utm_medium=Feed&utm_campaign=Distribution
Connection error,https://people.com/tv/peoples-choice-awards-2018-kardashians-reality-show-award/
Connection error,https://www.ocregister.com/2018/11/11/lakers-hawks-wear-warm-up-shirts-showing-support-for-thousand-oaks-shooting-victims/
Connection error,http://rssfeeds.usatoday.com/~/579732866/0/usatodaycomsports-topstories~LeBron-James-speaks-out-about-gun-violence-in-America-after-Thousand-Oaks-mass-shooting/
Connection error,https://www.eastbaytimes.com/2018/11/11/hero-of-two-mass-shootings-didnt-survive-second/
Connection error,http://feeds.latimes.com/~r/latimes/entertainment/news/arts/~3/gFt6V8wGlzg/la-sp-lakers-report-20181111-story.html
Connection error,https://www.theguardian.com/sport/2018/nov/12/the-nfl-has-tipped-everything-in-favour-of-offense-and-the-results-are-glorious
Connection error,https://www.theguardian.com/sport/2018/nov/12/the-nfl-has-tipped-everything-in-favour-of-offense-and-the-results-are-glorious
Connection error,https://www.foxnews.com/us/fox-news-first-midterm-election-chaos-in-three-states-michelle-obama-blasts-trump-adviser-hillary-2020-is-a-go
Connection error,http://feeds.latimes.com/~r/latimes/sports/college/usc/~3/dQKsFQ3OvG4/la-oe-block-ucla-students-for-justice-in-palestine-conference-20181112-story.html
Connection error,https://www.inquisitr.com/5159223/the-peoples-choice-awards-the-complete-list-of-winners/
Connection error,https://www.cbsnews.com/news/thousand-oaks-mass-shooting-alaina-housley-youngest-victim-family-speaks-out/
Connection error,http://rssfeeds.indystar.com/~/579761510/0/indystar/todaystopstories~In-court-the-Noblesville-shooter-was-quiet-In-his-video-he-calmly-pressed-a-gun-to-his-cheek/
Connection error,http://www.cnn.com/2011/CRIME/05/25/arizona.loughner.competency/index.html?hpt=C1
Connection error,https://www.washingtonpost.com/news/powerpost/paloma/the-health-202/2018/11/12/the-health-202-the-dialysis-industry-spent-more-than-100-million-to-beat-a-california-ballot-measure/5be867f11b326b392905472b/
Connection error,https://profootballtalk.nbcsports.com/2018/11/12/rams-seahawks-fires-nfl-week-10-fmia-peter-king/?cid=eref:nbcnews:text?cid=public-rss_20181112
Connection error,https://www.buzzfeednews.com/article/elaminabdelmahmoud/morning-update-californias-wildfires-lead-to-31-deaths
Connection error,http://rssfeeds.azcentral.com/~/579777756/0/phoenix/nation~California-wildfires-What-we-know-now-about-death-tolls-damage/
Connection error,http://www.sportingnews.com/us/nba/news/lebron-james-los-angeles-lakers-alarmed-gun-violence/6kk5hnvpiv0w1geej5yqr0rtl
Connection error,https://www.mercurynews.com/2018/11/12/ex-coach-says-california-gunman-was-volatile-intimidating/
Connection error,http://rssfeeds.usatoday.com/~/579790060/0/usatodaycomsports-topstories~Athletes-have-message-on-gun-violence-aposEnoughapos/
Connection error,http://www.chicagotribune.com/ct-life-stevens-monday-nra-tweet-stay-in-your-lane-1112-story.html
Connection error,https://www.cbsnews.com/video/family-of-alaina-housley-killed-in-thousand-oaks-shooting-seeks-change/
Connection error,http://rss.cnn.com/~r/rss/cnn_latest/~3/eMI3OG2I6Mw/index.html
Connection error,https://www.ocregister.com/2018/11/12/borderline-gunman-long-was-out-of-control-in-high-school-former-coach-says/
Connection error,http://rssfeeds.jsonline.com/~/579794798/0/milwaukee/home~Wisconsin-high-school-canapost-ban-studentaposs-gunthemed-Tshirts-federal-judge-rules/
Connection error,http://feeds.chicagotribune.com/~r/chicagotribune/hottopics/~3/rovxRYIkP-w/ct-life-stevens-monday-nra-tweet-stay-in-your-lane-1112-story.html
Connection error,https://www.fark.com/comments/10224459?utm_source=feed&utm_medium=comments&utm_campaign=fark
Connection error,https://qz.com/1460161/doctors-explain-to-the-nra-why-gun-violence-is-very-much-in-their-lane/
Connection error,http://feedproxy.google.com/~r/time/topstories/~3/GkyfKi7R_vg/
Connection error,https://www.washingtonpost.com/lifestyle/rapper-father-spit-in-a-fans-mouth-at-songbyrd-she-raised-her-arms-in-celebration/2018/11/12/15703fce-e691-11e8-bbdb-72fdbf9d4fed_story.html
Connection error,https://www.ocregister.com/2018/11/12/in-era-of-mass-shootings-we-must-address-how-letters/
Connection error,http://rssfeeds.azcentral.com/~/579819156/0/phoenix/politics~takeaways-from-Arizonaaposs-epic-Senate-race-between-Martha-McSally-and-Kyrsten-Sinema/
Connection error,https://www.reuters.com/article/us-california-wildfires-celebrities/miley-cyrus-neil-young-lose-homes-in-malibu-wildfires-idUSKCN1NH28Q?feedType=RSS&feedName=topNews
Connection error,https://www.washingtonpost.com/politics/the-fix/steve-king-dared-conservative-outlet-to-release-audio-of-him-calling-immigrants-dirt-it-did/2018/11/12/594bde06-c051-4dd8-9c22-d5ab9265ef73_story.html
Connection error,https://www.oann.com/miley-cyrus-neil-young-lose-homes-in-malibu-wildfires/
Connection error,https://www.washingtonpost.com/entertainment/music/could-countrys-new-class-cause-an-upset-at-the-cma-awards/2018/11/12/b27154f4-e6a8-11e8-8449-1ff263609a31_story.html
Connection error,https://www.newsweek.com/ivanka-trump-charm-white-house-donald-president-1212403?utm_source=Public&utm_medium=Feed&utm_campaign=Distribution
Connection error,https://www.newsweek.com/ivanka-trump-charm-white-house-donald-president-1212403?utm_source=Public&utm_medium=Feed&utm_campaign=Distribution
Connection error,https://www.eastbaytimes.com/2018/11/12/rep-king-dared-the-weekly-standard-to-release-the-tape-they-did/
Connection error,https://www.mercurynews.com/2018/11/12/rep-king-dared-the-weekly-standard-to-release-the-tape-they-did/
Connection error,http://rssfeeds.indystar.com/~/579732866/0/indystar/allsports~LeBron-James-speaks-out-about-gun-violence-in-America-after-Thousand-Oaks-mass-shooting/
Connection error,http://rss.cnn.com/~r/rss/cnn_latest/~3/SwgkeidHIB8/index.html
Connection error,http://feeds.reuters.com/~r/Reuters/domesticNews/~3/_tAQ-v-4-S8/we-all-just-trampled-california-bar-shooting-survivor-recalls-idUSKCN1NE0AO
Connection error,https://www.eastbaytimes.com/2018/11/12/analysis-gops-fact-free-election-claims-damage-the-institution/
Connection error,https://truthout.org/video/advocates-warn-against-pence-and-trump-led-attacks-on-va-health-care/
Connection error,https://www.forbes.com/sites/dbloom/2018/11/12/netflix-awards-season-roma-buster-scruggs-bird-box/
Connection error,https://www.theblaze.com/news/2018/11/12/rock-icon-blames-unfit-leader-trump-after-home-lost-to-wildfire-calls-him-climate-change-denier/
Connection error,https://hollywoodlife.com/2018/11/12/tamera-mowry-slams-fan-over-niece-death-alaina-housley/
Connection error,http://rssfeeds.usatoday.com/~/579838396/0/usatoday-newstopstories~aposBecomingapos-Michelle-Obama-Even-the-queenaposs-shoes-hurt-and-more-things-we-didnapost-know/
Connection error,https://www.washingtonpost.com/politics/florida-voting-nikolas-cruz-registers-as-a-republican-from-jail/2018/11/12/8319c737-afa1-4bba-9862-7ea1b15dc4b4_story.html
Connection error,https://radaronline.com/exclusives/2018/11/the-real-hosts-cry-tamera-mowry-niece-dead-borderline-shooting-loni-love-adrienne-bailon-video/
Connection error,https://www.cbsnews.com/news/stay-in-your-lane-doctors-fire-back-at-the-nra-guns/
Connection error,http://rssfeeds.jsonline.com/~/579836042/0/milwaukee/home~Brewersapos-Christian-Yelich-gets-new-perspective-after-deadly-shooting-wildfires-in-California/
Connection error,http://www.chicagotribune.com/ct-met-mass-shootings-guns-northwestern-video-huppke-20181112-story.html
Connection error,http://rss.cnn.com/~r/rss/cnn_latest/~3/FkvCvtClwwg/index.html
Connection error,https://www.dailynews.com/2018/11/12/borderline-shooting-memorial-becomes-a-place-for-locals-to-grieve-offer-support/
Connection error,https://www.dailynews.com/2018/11/12/reo-speedwagon-will-perform-a-pair-of-concerts-to-help-thousand-oaks-heal-from-woolsey-fire-borderline-shooting/
Connection error,http://www.chicagotribune.com/ct-met-california-wildfires-chicago-area-man-20181112-story.html
Connection error,http://feeds.chicagotribune.com/~r/chicagotribune/religion/~3/lxxFv4K7TKY/ct-met-california-wildfires-chicago-area-man-20181112-story.html
Connection error,https://www.aol.com/article/news/2018/11/12/california-wildfire-still-raging-near-la-and-could-burn-for-another-week/23587851/
Connection error,https://people.com/human-interest/ireland-baldwin-accused-looting-home-malibu-fire-kim-basinger-house-burned-down/
Connection error,http://feeds.reuters.com/~r/reuters/environment/~3/gkZ-KrAk5hE/paradise-lost-grim-search-under-way-in-incinerated-california-town-idUSKCN1NH2DY
Connection error,http://feeds.reuters.com/~r/Reuters/domesticNews/~3/l5SPHNMLpxk/carpenter-erects-wooden-crosses-in-honor-of-shooting-rampage-victims-idUSKCN1NI0BJ
Connection error,https://www.ocregister.com/2018/11/12/clippers-continue-to-be-moved-to-action-by-thousand-oaks-shooting/
Connection error,http://rssfeeds.usatoday.com/~/579891914/0/usatodaycomsports-topstories~Christian-Yelich-on-California-wildfires-aposWeaposre-just-all-hoping-for-the-best-right-nowapos/
Connection error,http://feeds.reuters.com/~r/Reuters/domesticNews/~3/l5SPHNMLpxk/carpenter-erects-wooden-crosses-in-honor-of-shooting-rampage-victims-idUSKCN1NI0BJ
Connection error,http://rssfeeds.usatoday.com/~/579913210/0/usatodaycomnfl-topstories~NFL-players-are-reprising-some-old-costly-celebrations/
Connection error,https://www.foxsports.com/nfl/story/nfl-players-are-reprising-some-old-costly-celebrations-111318
Connection error,http://rssfeeds.azcentral.com/~/579913210/0/phoenix/nation~NFL-players-are-reprising-some-old-costly-celebrations/
Connection error,http://www.startribune.com/sports/vikings/500345242.html
Connection error,http://www.marketwatch.com/news/story.asp?guid=%7B35BA167A-E140-11E8-AACB-D25BA978757B%7D&siteid=rss&rss=1
Connection error,https://www.washingtonpost.com/politics/president-trump-again-blames-california-for-a-natural-disaster-adding-to-his-public-denunciations-of-the-strongly-democratic-state/2018/11/12/811626de-e6ab-11e8-bbdb-72fdbf9d4fed_story.html
Connection error,https://www.newsweek.com/charlotesville-crying-nazi-hosts-video-game-allowing-users-kill-lgbt-people-1212855?utm_source=Public&utm_medium=Feed&utm_campaign=Distribution
Connection error,https://www.newsweek.com/charlotesville-crying-nazi-hosts-video-game-allowing-users-kill-lgbt-people-1212855?utm_source=Public&utm_medium=Feed&utm_campaign=Distribution
Connection error,https://www.billboard.com/articles/columns/country/8484705/2018-cmas-country-new-class-cause-upset-stapleton-dan-shay-musgraves
Connection error,https://www.inquisitr.com/5160918/a-call-to-strengthen-gun-laws-was-one-of-the-winners-in-last-weeks-elections/
Connection error,https://qz.com/1456558/the-fbis-warning-signs-of-a-mass-shooter/
Connection error,https://www.washingtonpost.com/news/powerpost/paloma/daily-202/2018/11/13/daily-202-liberals-look-for-leverage-in-house-leadership-elections/5bea59fc1b326b392905476d/
Connection error,https://www.csmonitor.com/USA/Politics/monitor_breakfast/2018/1113/Breakfast-with-Tom-Perez-why-Democratic-chair-is-upbeat-about-2020
Connection error,https://www.newsday.com/entertainment/celebrities/miley-cyrus-neil-young-california-wildfire-1.23313729
Connection error,https://www.bustle.com/p/michelle-obamas-memoir-becoming-is-finally-here-8-takeaways-from-the-books-13131751
Connection error,http://rssfeeds.usatoday.com/~/579952006/0/usatodaycomsports-topstories~Kevin-Durant-Draymond-Green-have-heated-exchange-during-Warriorsapos-loss-to-Clippers/
Connection error,http://feedproxy.google.com/~r/sun-sentinel/news/local/~3/C9NkZKtb1Tk/fl-ne-accused-killers-can-vote-20181113-story.html
Connection error,https://nypost.com/2018/11/13/doctors-hit-back-at-nra-by-tweeting-grim-photos-of-gun-violence/
Connection error,https://www.mercurynews.com/2018/11/13/letter-we-again-face-the-horror-of-someone-with-mental-issues-causing-death/
Connection error,https://qz.com/work/1461931/read-the-letter-from-pittsburgh-reporters-to-those-now-covering-the-california-fires/
Connection error,http://rss.cnn.com/~r/rss/cnn_latest/~3/NSNoYUWeShc/index.html
Connection error,http://feeds.accesshollywood.com/~r/AccessHollywood/LatestVideos/~3/DMPbR7Crvuw/
Connection error,https://www.miamiherald.com/opinion/opn-columns-blogs/leonard-pitts-jr/article221595355.html#storylink=rss
Connection error,https://www.mercurynews.com/2018/11/13/conservatives-are-irate-the-accused-parkland-shooter-registered-to-vote-from-jail-as-a-republican/
Connection error,http://feedproxy.google.com/~r/uproxx/features/~3/KIygHB801L0/
Connection error,http://rssfeeds.azcentral.com/~/580016436/0/phoenix/nation~Remembering-the-victims-of-the-Thousand-Oaks-shooting/
Connection error,https://www.nytimes.com/2018/11/13/us/celebrities-lost-homes-california-fires.html
Connection error,https://qz.com/1462245/hate-crimes-are-going-up-in-the-us/
Connection error,https://newsone.com/3836469/jemel-roberson-killed-midlothian-police-protest/
Connection error,https://www.inquisitr.com/5161509/thousand-oaks-bar-own-unsure-if-reopening-will-feel-right/
Connection error,https://www.washingtonpost.com/national/being-silenced-is-not-acceptable-doctors-express-outrage-after-nra-tells-them-to-stay-in-their-lane/2018/11/11/5a8beca0-e5d5-11e8-b8dc-66cca409c180_story.html?utm_term=.7a49d5bd016a&wpisrc=nl_most&wpmm=1
Connection error,https://www.theonion.com/nra-publishes-tips-for-staying-safe-while-committing-a-1830418497
Connection error,https://www.dispatch.com/news/20181113/timeline-eight-members-of-rhoden-family-killed-in-pike-county?rssfeed=true
Connection error,http://www.sandiegouniontribune.com/ny-sports-rams-chiefs-azteca-mexico-20181113-story.html
Connection error,https://www.kansascity.com/news/nation-world/article221614455.html#storylink=rss
Connection error,https://www.foxsports.com/nfl/story/chiefs-rams-game-moved-from-mexico-city-to-la-due-to-field-111318
Connection error,https://www.sacbee.com/news/nation-world/article221614455.html#storylink=rss
Connection error,https://www.miamiherald.com/news/nation-world/article221614455.html#storylink=rss
Connection error,https://www.dailynews.com/2018/11/13/man-shot-and-injured-while-inside-his-car-in-van-nuys/
Connection error,https://www.ocregister.com/2018/11/13/thousand-oaks-strong-t-shirts-allow-community-to-rally-around-borderline-following-mass-shooting/
Connection error,https://people.com/crime/california-shooting-victim-blake-dingman-mom-interview/
Connection error,https://www.vice.com/en_us/article/wj38bm/hbo-doc-outside-the-bubble-captures-liberals-deciphering-trumpland
Connection error,https://www.theguardian.com/sport/2018/nov/14/nfl-move-rams-chiefs-game-from-mexico-city-to-la-over-condition-of-field
Connection error,https://www.theguardian.com/sport/2018/nov/14/nfl-move-rams-chiefs-game-from-mexico-city-to-la-over-condition-of-field
Connection error,https://www.washingtonpost.com/opinions/what-a-focus-on-guns-is-overlooking-the-central-role-of-mental-illness/2018/11/13/fbf5e4e2-e6a7-11e8-8449-1ff263609a31_story.html
Connection error,http://rssfeeds.usatoday.com/~/580062310/0/usatoday-newstopstories~New-old-Calif-governors-meet-amid-fire-crisis
Connection error,https://www.miamiherald.com/news/local/education/article221609300.html#storylink=rss
Connection error,https://www.cbssports.com/nfl/news/rams-giving-away-thousands-of-tickets-to-first-responders-victims-after-shooting-fires-devastate-area/
Connection error,https://www.ocregister.com/2018/11/13/sheriffs-officials-ready-to-lay-a-hero-to-rest-following-thousand-oaks-shooting/
Connection error,https://www.dailynews.com/2018/11/13/sheriffs-officials-ready-to-lay-a-hero-to-rest-following-thousand-oaks-shooting/
Connection error,http://feeds.foxnews.com/~r/foxnews/national/~3/bEDgrbVD3HY/dozens-failed-to-report-nikolas-cruzs-troubling-behavior-until-after-parkland-report
Connection error,http://rssfeeds.cincinnati.com/~/580040112/0/cincinnati-home~Do-zombie-shows-lead-to-mass-shootings-Matt-Bevin-thinks-so/
Connection error,http://www.nationalmemo.com/white-districts-elected-55-new-black-house-members/
Connection error,https://www.sacbee.com/news/nation-world/article221635165.html#storylink=rss
Connection error,https://www.sacbee.com/news/politics-government/capitol-alert/article221632955.html#storylink=rss
Connection error,https://www.washingtonpost.com/national/morning-mix/shot-in-the-neck-at-17-this-is-the-trauma-surgeon-now-leading-doctors-against-gun-violence-and-the-nra/2018/11/14/6a974ab5-4b4e-469a-8544-760261d827cd_story.html
Connection error,http://www.startribune.com/variety/500451511.html
Connection error,http://rssfeeds.usatoday.com/~/580136580/0/usatodaycomsports-topstories~Winners-and-losers-from-first-month-of-NBA-season/
Connection error,https://www.cnbc.com/2018/11/14/big-money-managers-press-firearm-industry-to-accept-principles-on-gun-safety.html
Connection error,https://www.huffingtonpost.com/entry/ashton-kutcher-celebrated-birthday-in-same-bar-as-thousand-oaks-shooting_us_5be5c799e4b0dbe871aa9226
Connection error,http://rssfeeds.usatoday.com/~/580159142/0/usatodaycomnba-topstories~Kevin-Durant-on-Draymond-Green-exchange-aposTrying-to-move-on-Expletive-happensapos/
Connection error,https://www.huffingtonpost.com/entry/fox-news-guest-rush-gunman-active-shooter_us_5be44a80e4b0e8438894de36
Connection error,https://www.huffingtonpost.com/entry/pepperdine-student-journalists-thousand-oaks-shooting_us_5be438f2e4b0769d24ca1487
Connection error,https://www.nbcnews.com/news/us-news/parkland-shooting-suspect-nikolas-cruz-charged-attacking-jail-guard-n936146?cid=public-rss_20181114
Connection error,https://www.motherjones.com/crime-justice/2018/11/james-martin-meet-the-outspoken-priest-whos-revolutionizing-the-catholic-churchs-approach-to-queer-rights/
Connection error,http://feedproxy.google.com/~r/sports/umweblog/~3/C_uZQnOoLhI/fl-ne-nikolas-cruz-guard-assault-20181114-story.html
Connection error,http://rss.cnn.com/~r/rss/cnn_topstories/~3/AEItSMSFFx4/index.html
Connection error,https://www.eonline.com/news/987282/juliette-lewis-begs-britney-spears-to-save-us-is-satan-controlling-the-universe?cmpid=rss-000000-rssfeed-365-topstories&utm_source=eonline&utm_medium=rssfeeds&utm_campaign=rss_topstories
Connection error,https://www.sfgate.com/news/education/article/Sheriff-Parkland-shooting-suspect-assaulted-jail-13391382.php
Connection error,https://www.usnews.com/news/best-states/florida/articles/2018-11-14/sheriff-parkland-shooting-suspect-assaulted-jail-officer
Connection error,https://qz.com/quartzy/1463509/malibus-fire-shows-the-cruelty-and-kindness-of-social-media/
Connection error,https://www.ocregister.com/2018/11/14/robin-thicke-will-perform-at-the-riverside-festival-of-lights-switch-on-ceremony/
Connection error,http://www.startribune.com/variety/500510411.html
Connection error,http://theconversation.com/how-anti-semitic-stereotypes-from-a-century-ago-echo-today-106451
Connection error,https://www.sfgate.com/news/crime/article/Funeral-set-for-victim-of-Southern-California-13392064.php
Connection error,https://www.huffingtonpost.com/entry/pink-carey-hart-shoot-fire-looters_us_5bec2479e4b0783e0a1e8084
Connection error,https://www.inquisitr.com/5162801/friend-of-pittsburgh-synagogue-mass-shooter-arrested-says-massacre-was-a-dry-run/
Connection error,http://www.espn.com/blog/los-angeles-rams/post/_/id/39313/mexico-move-leaves-hurt-feelings-for-chiefs-and-rams-fans
Connection error,https://www.washingtonpost.com/national/surgeons--many-of-them-gun-owners--recommend-new-gun-safety-approaches/2018/11/14/5d6aa3aa-e77c-11e8-a939-9469f1166f9d_story.html
Connection error,https://www.huffingtonpost.com/entry/photos-thousand-oaks-bar-shooting_us_5be44733e4b0e8438894d380
Connection error,https://www.denverpost.com/2018/11/14/aurora-banner-pittsburgh-shooting/
Connection error,http://www.sun-sentinel.com/fl-ne-cruz-cell-phone-details-20181114-story.html
Connection error,http://www.sun-sentinel.com/fl-ne-nikolas-cruz-guard-assault-20181114-story.html
Connection error,https://www.huffingtonpost.com/entry/lucy-mcbath-georgia-congress-2018-midterm-karen-handel_us_5bc53543e4b0a8f17ee4b937
Connection error,https://www.newsweek.com/matt-bevin-zombies-abortion-death-obsessed-mass-shootings-culture-kentucky-1215778?utm_source=Public&utm_medium=Feed&utm_campaign=Distribution
Connection error,https://www.newsweek.com/matt-bevin-zombies-abortion-death-obsessed-mass-shootings-culture-kentucky-1215778?utm_source=Public&utm_medium=Feed&utm_campaign=Distribution
Connection error,https://www.dispatch.com/ZZ/news/20181114/funeral-set-for-victim-of-southern-california-mass-shooting?rssfeed=true
Connection error,http://www.norwichbulletin.com/ZZ/news/20181114/funeral-set-for-victim-of-southern-california-mass-shooting?rssfeed=true
Connection error,http://www.providencejournal.com/ZZ/news/20181114/funeral-set-for-victim-of-southern-california-mass-shooting?rssfeed=true
Connection error,http://feeds.chicagotribune.com/~r/chicagotribune/breakingnews/~3/0pZY4017jgA/ct-sta-slowik-jemel-roberson-shooting-protests-st-1115-story.html
Connection error,https://bleacherreport.com/articles/2806093-california-sports-teams-opened-their-hearts-and-wallets-for-communities-in-need
Connection error,https://www.aol.com/article/news/2018/11/14/no-remorse-judge-sends-teen-shooter-to-juvenile-detention/23589756/
Connection error,https://www.fayobserver.com/opinion/20181114/jen-zamzow-why-we-cant-agree-on-gun-control?rssfeed=true
Connection error,http://feeds.orlandosentinel.com/~r/orlandosentinel/~3/uZUbIYzrYvE/os-ne-ofd-pulse-nightclub-response-review-20181114-story.html
Connection error,https://www.huffingtonpost.com/entry/toledo-mayor-wade-kapszukiewicz-gun-manufacturers_us_5be9ad76e4b0caeec2bbfb35
Connection error,https://www.foxsports.com/west/story/los-angeles-rams-donate-thousands-of-tickets-for-game-vs-kansas-city-chiefs-to-first-responders-thousand-oaks-111418
Connection error,https://www.eastbaytimes.com/2018/11/14/kentucky-gov-zeroes-in-on-societys-ills-zombie-tv-shows/
Connection error,https://www.usnews.com/news/best-states/north-carolina/articles/2018-11-14/north-carolina-editorial-roundup
Connection error,http://feeds.orlandosentinel.com/~r/news_homicide/~3/bxgLo8zjRps/os-ne-pulse-lawsuit-dismissed-20181114-story.html
Connection error,https://variety.com/2018/film/news/idris-elba-isan-2019-golden-globe-ambassador-1203029256/
Connection error,https://www.thewrap.com/wild-goose-dreams-theater-review-computers-upstage-north-korean-defector/
Connection error,https://www.kansascity.com/opinion/opn-columns-blogs/syndicated-columnists/article221660550.html#storylink=rss
Connection error,https://www.aol.com/article/entertainment/2018/11/14/garth-brooks-opens-cma-awards-with-moment-of-silence/23589847/
Connection error,http://rss.cnn.com/~r/rss/cnn_latest/~3/ZiGKW8ZmPqQ/index.html
Connection error,https://www.dispatch.com/news/20181114/jewishcolumbus-hosting-safety-forums-raising-funds-for-security-improvements?rssfeed=true
Connection error,https://www.eonline.com/news/987536/idris-elba-s-daughter-isan-elba-named-golden-globe-ambassador-2019?cmpid=rss-000000-rssfeed-365-topstories&utm_source=eonline&utm_medium=rssfeeds&utm_campaign=rss_topstories
Connection error,https://bleacherreport.com/articles/2806128-lakers-news-la-to-donate-to-california-wildfire-thousand-oaks-shooting-victims
Connection error,https://www.ocregister.com/2018/11/14/at-funeral-a-victim-of-borderline-shooting-cody-coffman-remembered-as-kind-caring-soul/
Connection error,https://www.dailynews.com/2018/11/14/at-funeral-a-victim-of-borderline-shooting-cody-coffman-remembered-as-kind-caring-soul/
Connection error,https://www.rollingstone.com/music/music-country/chris-stapleton-mavis-staples-2018-cma-awards-ill-take-you-there-756336/
Connection error,http://www.startribune.com/variety/500555221.html
Connection error,https://www.usnews.com/news/best-states/california/articles/2018-11-14/the-latest-funeral-held-for-victim-of-california-massacre
Connection error,https://www.huffingtonpost.com/entry/gun-safety-midterm-elections_us_5be31906e4b0dbe871a5f443
Connection error,http://rss.cnn.com/~r/rss/cnn_latest/~3/-4pOtssPVeE/index.html
Connection error,http://rss.cnn.com/~r/rss/cnn_topstories/~3/-4pOtssPVeE/index.html
Connection error,https://www.washingtonpost.com/video/entertainment/let-the-music-unite-us-cma-awards-honors-thousand-oaks-shooting-victims/2018/11/15/f9955654-e8ac-11e8-8449-1ff263609a31_video.html
Connection error,https://www.huffingtonpost.com/entry/borderline-bar-thousand-oaks-brian-hynes_us_5bed166ee4b09f467006ab39
Connection error,https://www.sacbee.com/news/state/california/fires/article221651030.html#storylink=rss
Connection error,https://www.ajc.com/lifestyles/health/our-safe-place-just-illusion/gF3QxaWiCsW6v7sEpjhkWM/
Connection error,http://www.nationalmemo.com/how-doctors-shamed-arrogant-nra/
Connection error,https://newrepublic.com/article/152223/californias-wildfires-dont-deadly
Connection error,https://www.aol.com/article/entertainment/2018/11/15/jason-aldean-addresses-mass-shooting-at-borderline-bar-just-over-a-year-after-vegas-tragedy/23589701/
Connection error,https://www.theguardian.com/music/2018/nov/15/keith-urban-chris-stapleton-kacey-musgraves-cma-awards-2018
Connection error,https://www.washingtonpost.com/arts-entertainment/2018/11/15/cma-awards-complete-list-winners-best-worst-moments/
Connection error,https://www.huffingtonpost.com/entry/conor-lamb-reelected-pennsylvania-blue-wall_us_5be27672e4b0769d24c6b138
Connection error,https://www.yardbarker.com/nba/articles/adam_silver_supports_enough_shirts_players_desire_to_speak_out_on_issues/s1_8061_27755096
Connection error,http://feedproxy.google.com/~r/time/topstories/~3/mnW4MpqJpqc/
Connection error,http://feedproxy.google.com/~r/time/topstories/~3/mnW4MpqJpqc/
Connection error,https://www.nbcnews.com/news/us-news/thousand-oaks-shooting-wife-deputy-killed-california-massacre-calls-him-n936476?cid=public-rss_20181115
Connection error,http://rssfeeds.cincinnati.com/~/580400992/0/cincinnati-home~Opinion-We-must-demand-better-of-ourselves-leaders/
Connection error,https://dailycaller.com/2018/11/15/cma-awards-moment-of-silence-victims-thousand-oaks-bar-shooting/
Connection error,https://www.centralmaine.com/2018/11/15/outsourcing-maines-emergency-preparation-irks-director/
Connection error,https://www.ocregister.com/2018/11/15/in-wake-of-thousand-oaks-mass-shooting-irvine-pastor-goes-on-73-day-fast-to-pray-for-gun-control/
Connection error,https://www.ajc.com/news/national/accused-parkland-school-shooter-nikolas-cruz-accused-attacking-jail-guard/z9E6a6wIfp95vw0SyQ7RcM/
Connection error,http://feeds.chicagotribune.com/~r/chicagotribune/horoscopes/~3/g-kkpRTnhx4/ct-ent-cma-awards-best-and-worst-20181115-story.html
Connection error,http://feeds.orlandosentinel.com/~r/orlandosentinel/entertainment/~3/EdOpfXGShAE/ct-ent-cma-awards-best-and-worst-20181115-story.html
Connection error,https://www.ocregister.com/2018/11/15/newport-beach-mother-missing-more-than-half-her-teeth-wins-50000-dental-makeover/
Connection error,http://feeds.orlandosentinel.com/~r/orlandosentinel/news/local/state/~3/OTlMUOhy5q4/fl-ne-cruz-cell-phone-details-20181114-story.html
Connection error,https://www.ocregister.com/2018/11/15/wife-of-sgt-ron-helus-killed-in-borderline-bar-shooting-in-thousand-oaks-says-husband-had-a-heart-of-gold/
Connection error,http://rssfeeds.azcentral.com/~/580391793/0/phoenix/nation~CMA-Awards-Keith-Urbanaposs-emotional-acceptance-speech-more-standout-moments/
Connection error,http://rssfeeds.usatoday.com/~/580417768/0/usatodaycomnation-topstories~Live-stream-Funeral-services-for-Sergeant-Ron-Helus-one-of-Thousand-Oaks-shooting-victims/
Connection error,https://www.buzzfeednews.com/article/tasneemnashrulla/nazi-trump-slogan-fiddler-on-the-roof-baltimore
Connection error,http://theconversation.com/how-australias-nra-inspired-gun-lobby-is-trying-to-chip-away-at-gun-control-laws-state-by-state-105667
Connection error,https://www.ocregister.com/2018/11/15/live-coverage-of-funeral-for-sgt-ron-helus-killed-in-thousand-oaks-mass-shooting/
Connection error,https://www.mercurynews.com/2018/11/15/from-las-vegas-shooting-to-camp-fire-for-chico-woman-too-many-tales-of-survival/
Connection error,https://www.miamiherald.com/opinion/op-ed/article221718455.html#storylink=rss
Connection error,https://www.cbsnews.com/news/scot-peterson-ex-officer-who-didnt-confront-marjory-stoneman-douglas-shooter-nikolas-cruz-is-a-no-show-at-safety-hearing/
Connection error,http://www.nj.com/opinion/index.ssf/2018/11/the_midterms_were_a_mandate_on_guns.html
Connection error,https://www.aol.com/article/news/2018/11/15/man-shouting-heil-hitler-heil-trump-disrupts-fiddler-on-the-roof-performance/23590790/
Connection error,https://www.aol.com/article/entertainment/2018/11/15/kim-porter-mother-of-diddys-kids-dead-at-47-report/23590816/
Connection error,https://www.nytimes.com/2018/11/15/theater/fiddler-on-the-roof-heil-hitler-heil-trump.html
Connection error,http://www.providencejournal.com/ZZ/news/20181115/thousands-warmly-recall-officer-hailed-as-bar-shooting-hero?rssfeed=true
Connection error,https://www.washingtonpost.com/politics/trump-to-meet-with-california-wildfire-victims-on-saturday/2018/11/15/f2061b9e-e915-11e8-a939-9469f1166f9d_story.html
Connection error,https://www.foxnews.com/us/thousands-warmly-recall-officer-hailed-as-bar-shooting-hero
Connection error,https://www.dispatch.com/ZZ/news/20181115/thousands-warmly-recall-officer-hailed-as-bar-shooting-hero?rssfeed=true
Connection error,http://rssfeeds.azcentral.com/~/580501130/0/phoenix/nation~Sea-of-officers-salute-aposheroapos-sergeant-of-Thousand-Oaks-shooting/
Connection error,https://www.inquisitr.com/5165020/tamera-mowry-housleys-niece-alaina-laid-to-rest-ill-miss-you-forever/
Connection error,https://www.ledger-enquirer.com/entertainment/article221703745.html#storylink=rss
Connection error,https://www.inquisitr.com/5164953/idris-elba-daughter-isan-golden-globes-ambassador/
Connection error,https://www.mercurynews.com/2018/11/15/man-shouts-heil-hitler-heil-trump-alarming-theater-audience/
Connection error,https://www.eastbaytimes.com/2018/11/15/man-shouts-heil-hitler-heil-trump-alarming-theater-audience/
Connection error,https://www.dailynews.com/2018/11/15/nl-mvp-award-caps-a-rough-week-for-brewers-christian-yelich-a-thousand-oaks-native/
Connection error,https://www.ocregister.com/2018/11/15/nl-mvp-award-caps-a-rough-week-for-brewers-christian-yelich-a-thousand-oaks-native/
Connection error,http://rssfeeds.indystar.com/~/580529348/0/indystar/todaystopstories~Fallen-California-Sgt-Ron-Helus-remembered-for-bravery-service-faith/
Connection error,http://rssfeeds.jsonline.com/~/580529348/0/milwaukee/home~Fallen-California-Sgt-Ron-Helus-remembered-for-bravery-service-faith/
Connection error,https://www.newsday.com/sports/baseball/mookie-betts-christian-yelich-al-nl-mvp-1.23463074
Connection error,https://www.chron.com/news/article/Milwaukee-s-Christian-Yelich-wins-NL-MVP-Award-13396747.php
Connection error,https://www.huffingtonpost.com/entry/borderline-bar-thousand-oaks-brian-hynes_us_5bed166ee4b09f467006ab39
Connection error,http://www.mlive.com/news/ann-arbor/index.ssf/2018/11/parkland_survivors_visit_with.html
Connection error,http://www.mlive.com/tigers/index.ssf/2018/11/2018_mlb_mvps.html
Connection error,https://www.ocregister.com/2018/11/15/rams-formulate-plans-to-help-ease-their-neighbors-pain-and-pay-tribute-to-first-responders/
Connection error,https://www.dailynews.com/2018/11/15/ventura-county-sheriffs-sgt-ron-helus-killed-in-thousand-oaks-borderline-shooting-was-a-san-fernando-valley-native/
Connection error,http://www.providencejournal.com/opinion/20181116/my-turn-musa-al-gharbi-in-midterms-referendum-trump-won?rssfeed=true
Connection error,https://www.forbes.com/sites/andrewwagner/2018/11/16/yelich-caps-off-whirlwind-year-with-mvp-honors/
Connection error,https://www.nytimes.com/2018/11/16/us/politics/nra-gun-control-fund-raising.html
Connection error,https://www.nytimes.com/2018/11/16/reader-center/california-wildfires-escape.html
Connection error,http://feeds.orlandosentinel.com/~r/orlandosentinel/~3/dc8TxiOUz50/os-ne-mayor-teresa-jacobs-end-of-term-20181116-story.html
Connection error,http://rssfeeds.indystar.com/~/580604754/0/indystar/allnews~Hereaposs-what-consequences-the-Noblesville-shooteraposs-parents-may-face-experts-say/
Connection error,http://tracking.feedpress.it/link/9499/10783996
Connection error,http://feeds.cbsnews.com/~r/CBSNewsMain/~3/v4IZb5EfCTc/
Connection error,http://rssfeeds.usatoday.com/~/580638598/0/usatoday-newstopstories~Do-you-feel-like-was-apostoxicapos-Oxford-English-Dictionary-says-its-the-word-of-the-year/
